brother_kid_position,brother_kid_position_text,brother_kid_position_text_ab,brother_kid_position_text_F_ab,brother_kid_position_which,brother_kid_position_which_ab,brother_kid_gender,brother_kid_position_which_gender_ab,brother_kid_status,brother_kid_aliveage,brother_kid_yemendeceased,brother_kid_dieyear,brother_kid_diemonth,brother_kid_diedage,brother_kid_governorate,brother_kid_cod,PARENT_KEY,KEY
0,first,الأول,الأولى,first,الأول,female,الأولى,alive,40,,,,,,,uuid:deb96adc-97a0-49ab-8da8-8fb6c4a0e720/survey/siblingsyour/brother/brotheryour_kid[1],uuid:deb96adc-97a0-49ab-8da8-8fb6c4a0e720/survey/siblingsyour/brother/brotheryour_kid[1]/brotheryour_kid_questions[1]
1,second,الثاني,الثانية,second,الثاني,male,الثاني,alive,39,,,,,,,uuid:deb96adc-97a0-49ab-8da8-8fb6c4a0e720/survey/siblingsyour/brother/brotheryour_kid[1],uuid:deb96adc-97a0-49ab-8da8-8fb6c4a0e720/survey/siblingsyour/brother/brotheryour_kid[1]/brotheryour_kid_questions[2]
2,third,الثالث,الثالثة,third,الثالث,male,الثالث,alive,38,,,,,,,uuid:deb96adc-97a0-49ab-8da8-8fb6c4a0e720/survey/siblingsyour/brother/brotheryour_kid[1],uuid:deb96adc-97a0-49ab-8da8-8fb6c4a0e720/survey/siblingsyour/brother/brotheryour_kid[1]/brotheryour_kid_questions[3]
3,fourth,الرابع,الرابعة,fourth,الرابع,female,الرابعة,alive,37,,,,,,,uuid:deb96adc-97a0-49ab-8da8-8fb6c4a0e720/survey/siblingsyour/brother/brotheryour_kid[1],uuid:deb96adc-97a0-49ab-8da8-8fb6c4a0e720/survey/siblingsyour/brother/brotheryour_kid[1]/brotheryour_kid_questions[4]
4,fifth,الخامس,الخامسة,fifth,الخامس,male,الخامس,alive,36,,,,,,,uuid:deb96adc-97a0-49ab-8da8-8fb6c4a0e720/survey/siblingsyour/brother/brotheryour_kid[1],uuid:deb96adc-97a0-49ab-8da8-8fb6c4a0e720/survey/siblingsyour/brother/brotheryour_kid[1]/brotheryour_kid_questions[5]
5,sixth,السادس,السادسة,sixth,السادس,female,السادسة,alive,33,,,,,,,uuid:deb96adc-97a0-49ab-8da8-8fb6c4a0e720/survey/siblingsyour/brother/brotheryour_kid[1],uuid:deb96adc-97a0-49ab-8da8-8fb6c4a0e720/survey/siblingsyour/brother/brotheryour_kid[1]/brotheryour_kid_questions[6]
6,seventh,السابع,السابعة,seventh,السابع,male,السابع,alive,28,,,,,,,uuid:deb96adc-97a0-49ab-8da8-8fb6c4a0e720/survey/siblingsyour/brother/brotheryour_kid[1],uuid:deb96adc-97a0-49ab-8da8-8fb6c4a0e720/survey/siblingsyour/brother/brotheryour_kid[1]/brotheryour_kid_questions[7]
7,eighth,الثامن,الثامنة,eighth,الثامن,female,الثامنة,alive,22,,,,,,,uuid:deb96adc-97a0-49ab-8da8-8fb6c4a0e720/survey/siblingsyour/brother/brotheryour_kid[1],uuid:deb96adc-97a0-49ab-8da8-8fb6c4a0e720/survey/siblingsyour/brother/brotheryour_kid[1]/brotheryour_kid_questions[8]
8,ninth,التاسع,التاسعة,ninth,التاسع,male,التاسع,alive,10,,,,,,,uuid:deb96adc-97a0-49ab-8da8-8fb6c4a0e720/survey/siblingsyour/brother/brotheryour_kid[1],uuid:deb96adc-97a0-49ab-8da8-8fb6c4a0e720/survey/siblingsyour/brother/brotheryour_kid[1]/brotheryour_kid_questions[9]
9,tenth,العاشر,العاشرة,tenth,العاشر,male,العاشر,alive,8,,,,,,,uuid:deb96adc-97a0-49ab-8da8-8fb6c4a0e720/survey/siblingsyour/brother/brotheryour_kid[1],uuid:deb96adc-97a0-49ab-8da8-8fb6c4a0e720/survey/siblingsyour/brother/brotheryour_kid[1]/brotheryour_kid_questions[10]
0,first,الأول,الأولى,first,الأول,female,الأولى,alive,20,,,,,,,uuid:deb96adc-97a0-49ab-8da8-8fb6c4a0e720/survey/siblingsyour/brother/brotheryour_kid[2],uuid:deb96adc-97a0-49ab-8da8-8fb6c4a0e720/survey/siblingsyour/brother/brotheryour_kid[2]/brotheryour_kid_questions[1]
1,second,الثاني,الثانية,second,الثاني,female,الثانية,alive,7,,,,,,,uuid:deb96adc-97a0-49ab-8da8-8fb6c4a0e720/survey/siblingsyour/brother/brotheryour_kid[2],uuid:deb96adc-97a0-49ab-8da8-8fb6c4a0e720/survey/siblingsyour/brother/brotheryour_kid[2]/brotheryour_kid_questions[2]
2,third,الثالث,الثالثة,third,الثالث,female,الثالثة,deceased,,yes,1998,,1,sanaa_city,other,uuid:deb96adc-97a0-49ab-8da8-8fb6c4a0e720/survey/siblingsyour/brother/brotheryour_kid[2],uuid:deb96adc-97a0-49ab-8da8-8fb6c4a0e720/survey/siblingsyour/brother/brotheryour_kid[2]/brotheryour_kid_questions[3]
0,first,الأول,الأولى,first,الأول,male,الأول,alive,20,,,,,,,uuid:64ce779e-e3e2-40eb-bf52-cddc17a6ca4d/survey/siblingsyour/brother/brotheryour_kid[1],uuid:64ce779e-e3e2-40eb-bf52-cddc17a6ca4d/survey/siblingsyour/brother/brotheryour_kid[1]/brotheryour_kid_questions[1]
1,second,الثاني,الثانية,second,الثاني,female,الثانية,alive,18,,,,,,,uuid:64ce779e-e3e2-40eb-bf52-cddc17a6ca4d/survey/siblingsyour/brother/brotheryour_kid[1],uuid:64ce779e-e3e2-40eb-bf52-cddc17a6ca4d/survey/siblingsyour/brother/brotheryour_kid[1]/brotheryour_kid_questions[2]
2,third,الثالث,الثالثة,third,الثالث,male,الثالث,alive,13,,,,,,,uuid:64ce779e-e3e2-40eb-bf52-cddc17a6ca4d/survey/siblingsyour/brother/brotheryour_kid[1],uuid:64ce779e-e3e2-40eb-bf52-cddc17a6ca4d/survey/siblingsyour/brother/brotheryour_kid[1]/brotheryour_kid_questions[3]
3,fourth,الرابع,الرابعة,fourth,الرابع,female,الرابعة,alive,8,,,,,,,uuid:64ce779e-e3e2-40eb-bf52-cddc17a6ca4d/survey/siblingsyour/brother/brotheryour_kid[1],uuid:64ce779e-e3e2-40eb-bf52-cddc17a6ca4d/survey/siblingsyour/brother/brotheryour_kid[1]/brotheryour_kid_questions[4]
0,first,الأول,الأولى,first,الأول,male,الأول,alive,14,,,,,,,uuid:64ce779e-e3e2-40eb-bf52-cddc17a6ca4d/survey/siblingsyour/brother/brotheryour_kid[2],uuid:64ce779e-e3e2-40eb-bf52-cddc17a6ca4d/survey/siblingsyour/brother/brotheryour_kid[2]/brotheryour_kid_questions[1]
1,second,الثاني,الثانية,second,الثاني,male,الثاني,alive,12,,,,,,,uuid:64ce779e-e3e2-40eb-bf52-cddc17a6ca4d/survey/siblingsyour/brother/brotheryour_kid[2],uuid:64ce779e-e3e2-40eb-bf52-cddc17a6ca4d/survey/siblingsyour/brother/brotheryour_kid[2]/brotheryour_kid_questions[2]
2,third,الثالث,الثالثة,third,الثالث,male,الثالث,alive,8,,,,,,,uuid:64ce779e-e3e2-40eb-bf52-cddc17a6ca4d/survey/siblingsyour/brother/brotheryour_kid[2],uuid:64ce779e-e3e2-40eb-bf52-cddc17a6ca4d/survey/siblingsyour/brother/brotheryour_kid[2]/brotheryour_kid_questions[3]
3,fourth,الرابع,الرابعة,fourth,الرابع,male,الرابع,alive,6,,,,,,,uuid:64ce779e-e3e2-40eb-bf52-cddc17a6ca4d/survey/siblingsyour/brother/brotheryour_kid[2],uuid:64ce779e-e3e2-40eb-bf52-cddc17a6ca4d/survey/siblingsyour/brother/brotheryour_kid[2]/brotheryour_kid_questions[4]
0,first,الأول,الأولى,,,female,,alive,5,,,,,,,uuid:64ce779e-e3e2-40eb-bf52-cddc17a6ca4d/survey/siblingsyour/brother/brotheryour_kid[3],uuid:64ce779e-e3e2-40eb-bf52-cddc17a6ca4d/survey/siblingsyour/brother/brotheryour_kid[3]/brotheryour_kid_questions[1]
0,first,الأول,الأولى,first,الأول,male,الأول,alive,20,,,,,,,uuid:c5eeba9a-be67-4911-8ce1-4280afab883d/survey/siblingsyour/brother/brotheryour_kid[1],uuid:c5eeba9a-be67-4911-8ce1-4280afab883d/survey/siblingsyour/brother/brotheryour_kid[1]/brotheryour_kid_questions[1]
1,second,الثاني,الثانية,second,الثاني,male,الثاني,alive,16,,,,,,,uuid:c5eeba9a-be67-4911-8ce1-4280afab883d/survey/siblingsyour/brother/brotheryour_kid[1],uuid:c5eeba9a-be67-4911-8ce1-4280afab883d/survey/siblingsyour/brother/brotheryour_kid[1]/brotheryour_kid_questions[2]
0,first,الأول,الأولى,first,الأول,female,الأولى,alive,22,,,,,,,uuid:c5eeba9a-be67-4911-8ce1-4280afab883d/survey/siblingsyour/brother/brotheryour_kid[2],uuid:c5eeba9a-be67-4911-8ce1-4280afab883d/survey/siblingsyour/brother/brotheryour_kid[2]/brotheryour_kid_questions[1]
1,second,الثاني,الثانية,second,الثاني,male,الثاني,alive,8,,,,,,,uuid:c5eeba9a-be67-4911-8ce1-4280afab883d/survey/siblingsyour/brother/brotheryour_kid[2],uuid:c5eeba9a-be67-4911-8ce1-4280afab883d/survey/siblingsyour/brother/brotheryour_kid[2]/brotheryour_kid_questions[2]
2,third,الثالث,الثالثة,third,الثالث,male,الثالث,alive,6,,,,,,,uuid:c5eeba9a-be67-4911-8ce1-4280afab883d/survey/siblingsyour/brother/brotheryour_kid[2],uuid:c5eeba9a-be67-4911-8ce1-4280afab883d/survey/siblingsyour/brother/brotheryour_kid[2]/brotheryour_kid_questions[3]
0,first,الأول,الأولى,first,الأول,male,الأول,alive,22,,,,,,,uuid:c5eeba9a-be67-4911-8ce1-4280afab883d/survey/siblingsyour/brother/brotheryour_kid[4],uuid:c5eeba9a-be67-4911-8ce1-4280afab883d/survey/siblingsyour/brother/brotheryour_kid[4]/brotheryour_kid_questions[1]
1,second,الثاني,الثانية,second,الثاني,male,الثاني,alive,20,,,,,,,uuid:c5eeba9a-be67-4911-8ce1-4280afab883d/survey/siblingsyour/brother/brotheryour_kid[4],uuid:c5eeba9a-be67-4911-8ce1-4280afab883d/survey/siblingsyour/brother/brotheryour_kid[4]/brotheryour_kid_questions[2]
2,third,الثالث,الثالثة,third,الثالث,female,الثالثة,alive,18,,,,,,,uuid:c5eeba9a-be67-4911-8ce1-4280afab883d/survey/siblingsyour/brother/brotheryour_kid[4],uuid:c5eeba9a-be67-4911-8ce1-4280afab883d/survey/siblingsyour/brother/brotheryour_kid[4]/brotheryour_kid_questions[3]
0,first,الأول,الأولى,,,female,,alive,5,,,,,,,uuid:412f00d7-6973-40b9-bd77-b069e65c8e15/survey/siblingsyour/brother/brotheryour_kid[1],uuid:412f00d7-6973-40b9-bd77-b069e65c8e15/survey/siblingsyour/brother/brotheryour_kid[1]/brotheryour_kid_questions[1]
0,first,الأول,الأولى,first,الأول,female,الأولى,alive,8,,,,,,,uuid:c2abdf7f-6cfc-4509-8eaa-31e111b676b7/survey/siblingsyour/brother/brotheryour_kid[1],uuid:c2abdf7f-6cfc-4509-8eaa-31e111b676b7/survey/siblingsyour/brother/brotheryour_kid[1]/brotheryour_kid_questions[1]
1,second,الثاني,الثانية,second,الثاني,female,الثانية,alive,0,,,,,,,uuid:c2abdf7f-6cfc-4509-8eaa-31e111b676b7/survey/siblingsyour/brother/brotheryour_kid[1],uuid:c2abdf7f-6cfc-4509-8eaa-31e111b676b7/survey/siblingsyour/brother/brotheryour_kid[1]/brotheryour_kid_questions[2]
0,first,الأول,الأولى,,,male,,alive,0,,,,,,,uuid:c2abdf7f-6cfc-4509-8eaa-31e111b676b7/survey/siblingsyour/brother/brotheryour_kid[2],uuid:c2abdf7f-6cfc-4509-8eaa-31e111b676b7/survey/siblingsyour/brother/brotheryour_kid[2]/brotheryour_kid_questions[1]
0,first,الأول,الأولى,first,الأول,female,الأولى,alive,7,,,,,,,uuid:c2abdf7f-6cfc-4509-8eaa-31e111b676b7/survey/siblingsyour/brother/brotheryour_kid[3],uuid:c2abdf7f-6cfc-4509-8eaa-31e111b676b7/survey/siblingsyour/brother/brotheryour_kid[3]/brotheryour_kid_questions[1]
1,second,الثاني,الثانية,second,الثاني,female,الثانية,alive,2,,,,,,,uuid:c2abdf7f-6cfc-4509-8eaa-31e111b676b7/survey/siblingsyour/brother/brotheryour_kid[3],uuid:c2abdf7f-6cfc-4509-8eaa-31e111b676b7/survey/siblingsyour/brother/brotheryour_kid[3]/brotheryour_kid_questions[2]
0,first,الأول,الأولى,,,male,,alive,2,,,,,,,uuid:ee2b1426-e304-48f2-971b-9a3a453eefd2/survey/siblingsyour/brother/brotheryour_kid[1],uuid:ee2b1426-e304-48f2-971b-9a3a453eefd2/survey/siblingsyour/brother/brotheryour_kid[1]/brotheryour_kid_questions[1]
0,first,الأول,الأولى,first,الأول,male,الأول,alive,31,,,,,,,uuid:0b9a7da8-48f4-4baf-8298-5d578fc2375e/survey/siblingsyour/brother/brotheryour_kid[1],uuid:0b9a7da8-48f4-4baf-8298-5d578fc2375e/survey/siblingsyour/brother/brotheryour_kid[1]/brotheryour_kid_questions[1]
1,second,الثاني,الثانية,second,الثاني,female,الثانية,alive,28,,,,,,,uuid:0b9a7da8-48f4-4baf-8298-5d578fc2375e/survey/siblingsyour/brother/brotheryour_kid[1],uuid:0b9a7da8-48f4-4baf-8298-5d578fc2375e/survey/siblingsyour/brother/brotheryour_kid[1]/brotheryour_kid_questions[2]
2,third,الثالث,الثالثة,third,الثالث,male,الثالث,alive,21,,,,,,,uuid:0b9a7da8-48f4-4baf-8298-5d578fc2375e/survey/siblingsyour/brother/brotheryour_kid[1],uuid:0b9a7da8-48f4-4baf-8298-5d578fc2375e/survey/siblingsyour/brother/brotheryour_kid[1]/brotheryour_kid_questions[3]
3,fourth,الرابع,الرابعة,fourth,الرابع,female,الرابعة,alive,15,,,,,,,uuid:0b9a7da8-48f4-4baf-8298-5d578fc2375e/survey/siblingsyour/brother/brotheryour_kid[1],uuid:0b9a7da8-48f4-4baf-8298-5d578fc2375e/survey/siblingsyour/brother/brotheryour_kid[1]/brotheryour_kid_questions[4]
4,fifth,الخامس,الخامسة,fifth,الخامس,female,الخامسة,alive,10,,,,,,,uuid:0b9a7da8-48f4-4baf-8298-5d578fc2375e/survey/siblingsyour/brother/brotheryour_kid[1],uuid:0b9a7da8-48f4-4baf-8298-5d578fc2375e/survey/siblingsyour/brother/brotheryour_kid[1]/brotheryour_kid_questions[5]
5,sixth,السادس,السادسة,sixth,السادس,female,السادسة,alive,8,,,,,,,uuid:0b9a7da8-48f4-4baf-8298-5d578fc2375e/survey/siblingsyour/brother/brotheryour_kid[1],uuid:0b9a7da8-48f4-4baf-8298-5d578fc2375e/survey/siblingsyour/brother/brotheryour_kid[1]/brotheryour_kid_questions[6]
0,first,الأول,الأولى,first,الأول,male,الأول,alive,19,,,,,,,uuid:0b9a7da8-48f4-4baf-8298-5d578fc2375e/survey/siblingsyour/brother/brotheryour_kid[2],uuid:0b9a7da8-48f4-4baf-8298-5d578fc2375e/survey/siblingsyour/brother/brotheryour_kid[2]/brotheryour_kid_questions[1]
1,second,الثاني,الثانية,second,الثاني,female,الثانية,alive,18,,,,,,,uuid:0b9a7da8-48f4-4baf-8298-5d578fc2375e/survey/siblingsyour/brother/brotheryour_kid[2],uuid:0b9a7da8-48f4-4baf-8298-5d578fc2375e/survey/siblingsyour/brother/brotheryour_kid[2]/brotheryour_kid_questions[2]
2,third,الثالث,الثالثة,third,الثالث,female,الثالثة,alive,11,,,,,,,uuid:0b9a7da8-48f4-4baf-8298-5d578fc2375e/survey/siblingsyour/brother/brotheryour_kid[2],uuid:0b9a7da8-48f4-4baf-8298-5d578fc2375e/survey/siblingsyour/brother/brotheryour_kid[2]/brotheryour_kid_questions[3]
3,fourth,الرابع,الرابعة,fourth,الرابع,male,الرابع,alive,9,,,,,,,uuid:0b9a7da8-48f4-4baf-8298-5d578fc2375e/survey/siblingsyour/brother/brotheryour_kid[2],uuid:0b9a7da8-48f4-4baf-8298-5d578fc2375e/survey/siblingsyour/brother/brotheryour_kid[2]/brotheryour_kid_questions[4]
0,first,الأول,الأولى,first,الأول,female,الأولى,alive,17,,,,,,,uuid:0b9a7da8-48f4-4baf-8298-5d578fc2375e/survey/siblingsyour/brother/brotheryour_kid[4],uuid:0b9a7da8-48f4-4baf-8298-5d578fc2375e/survey/siblingsyour/brother/brotheryour_kid[4]/brotheryour_kid_questions[1]
1,second,الثاني,الثانية,second,الثاني,female,الثانية,alive,16,,,,,,,uuid:0b9a7da8-48f4-4baf-8298-5d578fc2375e/survey/siblingsyour/brother/brotheryour_kid[4],uuid:0b9a7da8-48f4-4baf-8298-5d578fc2375e/survey/siblingsyour/brother/brotheryour_kid[4]/brotheryour_kid_questions[2]
2,third,الثالث,الثالثة,third,الثالث,female,الثالثة,alive,12,,,,,,,uuid:0b9a7da8-48f4-4baf-8298-5d578fc2375e/survey/siblingsyour/brother/brotheryour_kid[4],uuid:0b9a7da8-48f4-4baf-8298-5d578fc2375e/survey/siblingsyour/brother/brotheryour_kid[4]/brotheryour_kid_questions[3]
3,fourth,الرابع,الرابعة,fourth,الرابع,male,الرابع,alive,9,,,,,,,uuid:0b9a7da8-48f4-4baf-8298-5d578fc2375e/survey/siblingsyour/brother/brotheryour_kid[4],uuid:0b9a7da8-48f4-4baf-8298-5d578fc2375e/survey/siblingsyour/brother/brotheryour_kid[4]/brotheryour_kid_questions[4]
4,fifth,الخامس,الخامسة,fifth,الخامس,female,الخامسة,alive,2,,,,,,,uuid:0b9a7da8-48f4-4baf-8298-5d578fc2375e/survey/siblingsyour/brother/brotheryour_kid[4],uuid:0b9a7da8-48f4-4baf-8298-5d578fc2375e/survey/siblingsyour/brother/brotheryour_kid[4]/brotheryour_kid_questions[5]
0,first,الأول,الأولى,first,الأول,male,الأول,alive,10,,,,,,,uuid:0b9a7da8-48f4-4baf-8298-5d578fc2375e/survey/siblingsyour/brother/brotheryour_kid[5],uuid:0b9a7da8-48f4-4baf-8298-5d578fc2375e/survey/siblingsyour/brother/brotheryour_kid[5]/brotheryour_kid_questions[1]
1,second,الثاني,الثانية,second,الثاني,female,الثانية,alive,6,,,,,,,uuid:0b9a7da8-48f4-4baf-8298-5d578fc2375e/survey/siblingsyour/brother/brotheryour_kid[5],uuid:0b9a7da8-48f4-4baf-8298-5d578fc2375e/survey/siblingsyour/brother/brotheryour_kid[5]/brotheryour_kid_questions[2]
0,first,الأول,الأولى,first,الأول,male,الأول,alive,9,,,,,,,uuid:c3ebc223-e8a6-4790-93b8-fbfec11073ee/survey/siblingsyour/brother/brotheryour_kid[1],uuid:c3ebc223-e8a6-4790-93b8-fbfec11073ee/survey/siblingsyour/brother/brotheryour_kid[1]/brotheryour_kid_questions[1]
1,second,الثاني,الثانية,second,الثاني,female,الثانية,alive,2,,,,,,,uuid:c3ebc223-e8a6-4790-93b8-fbfec11073ee/survey/siblingsyour/brother/brotheryour_kid[1],uuid:c3ebc223-e8a6-4790-93b8-fbfec11073ee/survey/siblingsyour/brother/brotheryour_kid[1]/brotheryour_kid_questions[2]
0,first,الأول,الأولى,first,الأول,male,الأول,alive,12,,,,,,,uuid:d1c02ccc-c77e-47b2-a250-748785c4ab29/survey/siblingsyour/brother/brotheryour_kid[1],uuid:d1c02ccc-c77e-47b2-a250-748785c4ab29/survey/siblingsyour/brother/brotheryour_kid[1]/brotheryour_kid_questions[1]
1,second,الثاني,الثانية,second,الثاني,female,الثانية,alive,8,,,,,,,uuid:d1c02ccc-c77e-47b2-a250-748785c4ab29/survey/siblingsyour/brother/brotheryour_kid[1],uuid:d1c02ccc-c77e-47b2-a250-748785c4ab29/survey/siblingsyour/brother/brotheryour_kid[1]/brotheryour_kid_questions[2]
0,first,الأول,الأولى,first,الأول,male,الأول,alive,14,,,,,,,uuid:fc1ff5ad-bf52-47bd-a01d-8a8aab4634e1/survey/siblingsyour/brother/brotheryour_kid[1],uuid:fc1ff5ad-bf52-47bd-a01d-8a8aab4634e1/survey/siblingsyour/brother/brotheryour_kid[1]/brotheryour_kid_questions[1]
1,second,الثاني,الثانية,second,الثاني,male,الثاني,alive,11,,,,,,,uuid:fc1ff5ad-bf52-47bd-a01d-8a8aab4634e1/survey/siblingsyour/brother/brotheryour_kid[1],uuid:fc1ff5ad-bf52-47bd-a01d-8a8aab4634e1/survey/siblingsyour/brother/brotheryour_kid[1]/brotheryour_kid_questions[2]
2,third,الثالث,الثالثة,third,الثالث,male,الثالث,alive,2,,,,,,,uuid:fc1ff5ad-bf52-47bd-a01d-8a8aab4634e1/survey/siblingsyour/brother/brotheryour_kid[1],uuid:fc1ff5ad-bf52-47bd-a01d-8a8aab4634e1/survey/siblingsyour/brother/brotheryour_kid[1]/brotheryour_kid_questions[3]
0,first,الأول,الأولى,first,الأول,male,الأول,alive,5,,,,,,,uuid:fc1ff5ad-bf52-47bd-a01d-8a8aab4634e1/survey/siblingsyour/brother/brotheryour_kid[2],uuid:fc1ff5ad-bf52-47bd-a01d-8a8aab4634e1/survey/siblingsyour/brother/brotheryour_kid[2]/brotheryour_kid_questions[1]
1,second,الثاني,الثانية,second,الثاني,male,الثاني,alive,1,,,,,,,uuid:fc1ff5ad-bf52-47bd-a01d-8a8aab4634e1/survey/siblingsyour/brother/brotheryour_kid[2],uuid:fc1ff5ad-bf52-47bd-a01d-8a8aab4634e1/survey/siblingsyour/brother/brotheryour_kid[2]/brotheryour_kid_questions[2]
0,first,الأول,الأولى,first,الأول,female,الأولى,alive,7,,,,,,,uuid:bde79937-de35-489e-a142-1336ada8ddfc/survey/siblingsyour/brother/brotheryour_kid[4],uuid:bde79937-de35-489e-a142-1336ada8ddfc/survey/siblingsyour/brother/brotheryour_kid[4]/brotheryour_kid_questions[1]
1,second,الثاني,الثانية,second,الثاني,female,الثانية,alive,5,,,,,,,uuid:bde79937-de35-489e-a142-1336ada8ddfc/survey/siblingsyour/brother/brotheryour_kid[4],uuid:bde79937-de35-489e-a142-1336ada8ddfc/survey/siblingsyour/brother/brotheryour_kid[4]/brotheryour_kid_questions[2]
0,first,الأول,الأولى,first,الأول,male,الأول,alive,0,,,,,,,uuid:bde79937-de35-489e-a142-1336ada8ddfc/survey/siblingsyour/brother/brotheryour_kid[6],uuid:bde79937-de35-489e-a142-1336ada8ddfc/survey/siblingsyour/brother/brotheryour_kid[6]/brotheryour_kid_questions[1]
1,second,الثاني,الثانية,second,الثاني,male,الثاني,alive,0,,,,,,,uuid:bde79937-de35-489e-a142-1336ada8ddfc/survey/siblingsyour/brother/brotheryour_kid[6],uuid:bde79937-de35-489e-a142-1336ada8ddfc/survey/siblingsyour/brother/brotheryour_kid[6]/brotheryour_kid_questions[2]
0,first,الأول,الأولى,first,الأول,female,الأولى,alive,7,,,,,,,uuid:bde79937-de35-489e-a142-1336ada8ddfc/survey/siblingsyour/brother/brotheryour_kid[7],uuid:bde79937-de35-489e-a142-1336ada8ddfc/survey/siblingsyour/brother/brotheryour_kid[7]/brotheryour_kid_questions[1]
1,second,الثاني,الثانية,second,الثاني,female,الثانية,deceased,,yes,2016,,0,sanaa_city,other,uuid:bde79937-de35-489e-a142-1336ada8ddfc/survey/siblingsyour/brother/brotheryour_kid[7],uuid:bde79937-de35-489e-a142-1336ada8ddfc/survey/siblingsyour/brother/brotheryour_kid[7]/brotheryour_kid_questions[2]
2,third,الثالث,الثالثة,third,الثالث,male,الثالث,alive,2,,,,,,,uuid:bde79937-de35-489e-a142-1336ada8ddfc/survey/siblingsyour/brother/brotheryour_kid[7],uuid:bde79937-de35-489e-a142-1336ada8ddfc/survey/siblingsyour/brother/brotheryour_kid[7]/brotheryour_kid_questions[3]
0,first,الأول,الأولى,first,الأول,male,الأول,alive,19,,,,,,,uuid:677c453a-550f-4072-bc30-37f42ac6963f/survey/siblingsyour/brother/brotheryour_kid[1],uuid:677c453a-550f-4072-bc30-37f42ac6963f/survey/siblingsyour/brother/brotheryour_kid[1]/brotheryour_kid_questions[1]
1,second,الثاني,الثانية,second,الثاني,female,الثانية,alive,16,,,,,,,uuid:677c453a-550f-4072-bc30-37f42ac6963f/survey/siblingsyour/brother/brotheryour_kid[1],uuid:677c453a-550f-4072-bc30-37f42ac6963f/survey/siblingsyour/brother/brotheryour_kid[1]/brotheryour_kid_questions[2]
2,third,الثالث,الثالثة,third,الثالث,female,الثالثة,alive,10,,,,,,,uuid:677c453a-550f-4072-bc30-37f42ac6963f/survey/siblingsyour/brother/brotheryour_kid[1],uuid:677c453a-550f-4072-bc30-37f42ac6963f/survey/siblingsyour/brother/brotheryour_kid[1]/brotheryour_kid_questions[3]
0,first,الأول,الأولى,first,الأول,female,الأولى,alive,7,,,,,,,uuid:677c453a-550f-4072-bc30-37f42ac6963f/survey/siblingsyour/brother/brotheryour_kid[2],uuid:677c453a-550f-4072-bc30-37f42ac6963f/survey/siblingsyour/brother/brotheryour_kid[2]/brotheryour_kid_questions[1]
1,second,الثاني,الثانية,second,الثاني,male,الثاني,alive,6,,,,,,,uuid:677c453a-550f-4072-bc30-37f42ac6963f/survey/siblingsyour/brother/brotheryour_kid[2],uuid:677c453a-550f-4072-bc30-37f42ac6963f/survey/siblingsyour/brother/brotheryour_kid[2]/brotheryour_kid_questions[2]
0,first,الأول,الأولى,first,الأول,female,الأولى,alive,9,,,,,,,uuid:5181464a-d57c-4602-9a31-2fe6cd048744/survey/siblingsyour/brother/brotheryour_kid[1],uuid:5181464a-d57c-4602-9a31-2fe6cd048744/survey/siblingsyour/brother/brotheryour_kid[1]/brotheryour_kid_questions[1]
1,second,الثاني,الثانية,second,الثاني,female,الثانية,alive,5,,,,,,,uuid:5181464a-d57c-4602-9a31-2fe6cd048744/survey/siblingsyour/brother/brotheryour_kid[1],uuid:5181464a-d57c-4602-9a31-2fe6cd048744/survey/siblingsyour/brother/brotheryour_kid[1]/brotheryour_kid_questions[2]
2,third,الثالث,الثالثة,third,الثالث,female,الثالثة,alive,0,,,,,,,uuid:5181464a-d57c-4602-9a31-2fe6cd048744/survey/siblingsyour/brother/brotheryour_kid[1],uuid:5181464a-d57c-4602-9a31-2fe6cd048744/survey/siblingsyour/brother/brotheryour_kid[1]/brotheryour_kid_questions[3]
0,first,الأول,الأولى,,,female,,alive,1,,,,,,,uuid:5181464a-d57c-4602-9a31-2fe6cd048744/survey/siblingsyour/brother/brotheryour_kid[2],uuid:5181464a-d57c-4602-9a31-2fe6cd048744/survey/siblingsyour/brother/brotheryour_kid[2]/brotheryour_kid_questions[1]
0,first,الأول,الأولى,first,الأول,female,الأولى,alive,18,,,,,,,uuid:c04e4b82-02ac-4505-95ff-b7ecd2e0a030/survey/siblingsyour/brother/brotheryour_kid[1],uuid:c04e4b82-02ac-4505-95ff-b7ecd2e0a030/survey/siblingsyour/brother/brotheryour_kid[1]/brotheryour_kid_questions[1]
1,second,الثاني,الثانية,second,الثاني,female,الثانية,alive,16,,,,,,,uuid:c04e4b82-02ac-4505-95ff-b7ecd2e0a030/survey/siblingsyour/brother/brotheryour_kid[1],uuid:c04e4b82-02ac-4505-95ff-b7ecd2e0a030/survey/siblingsyour/brother/brotheryour_kid[1]/brotheryour_kid_questions[2]
0,first,الأول,الأولى,first,الأول,male,الأول,alive,14,,,,,,,uuid:c04e4b82-02ac-4505-95ff-b7ecd2e0a030/survey/siblingsyour/brother/brotheryour_kid[2],uuid:c04e4b82-02ac-4505-95ff-b7ecd2e0a030/survey/siblingsyour/brother/brotheryour_kid[2]/brotheryour_kid_questions[1]
1,second,الثاني,الثانية,second,الثاني,male,الثاني,alive,11,,,,,,,uuid:c04e4b82-02ac-4505-95ff-b7ecd2e0a030/survey/siblingsyour/brother/brotheryour_kid[2],uuid:c04e4b82-02ac-4505-95ff-b7ecd2e0a030/survey/siblingsyour/brother/brotheryour_kid[2]/brotheryour_kid_questions[2]
0,first,الأول,الأولى,first,الأول,female,الأولى,alive,13,,,,,,,uuid:1b58c246-e405-4a8d-826e-3f4de89fafed/survey/siblingsyour/brother/brotheryour_kid[1],uuid:1b58c246-e405-4a8d-826e-3f4de89fafed/survey/siblingsyour/brother/brotheryour_kid[1]/brotheryour_kid_questions[1]
1,second,الثاني,الثانية,second,الثاني,female,الثانية,alive,12,,,,,,,uuid:1b58c246-e405-4a8d-826e-3f4de89fafed/survey/siblingsyour/brother/brotheryour_kid[1],uuid:1b58c246-e405-4a8d-826e-3f4de89fafed/survey/siblingsyour/brother/brotheryour_kid[1]/brotheryour_kid_questions[2]
2,third,الثالث,الثالثة,third,الثالث,male,الثالث,alive,8,,,,,,,uuid:1b58c246-e405-4a8d-826e-3f4de89fafed/survey/siblingsyour/brother/brotheryour_kid[1],uuid:1b58c246-e405-4a8d-826e-3f4de89fafed/survey/siblingsyour/brother/brotheryour_kid[1]/brotheryour_kid_questions[3]
3,fourth,الرابع,الرابعة,fourth,الرابع,male,الرابع,alive,0,,,,,,,uuid:1b58c246-e405-4a8d-826e-3f4de89fafed/survey/siblingsyour/brother/brotheryour_kid[1],uuid:1b58c246-e405-4a8d-826e-3f4de89fafed/survey/siblingsyour/brother/brotheryour_kid[1]/brotheryour_kid_questions[4]
0,first,الأول,الأولى,first,الأول,male,الأول,deceased,,yes,2006,,0,sanaa,unknown,uuid:932fd64c-8927-4f79-b578-c522c9096d5e/survey/siblingsyour/brother/brotheryour_kid[1],uuid:932fd64c-8927-4f79-b578-c522c9096d5e/survey/siblingsyour/brother/brotheryour_kid[1]/brotheryour_kid_questions[1]
1,second,الثاني,الثانية,second,الثاني,male,الثاني,alive,17,,,,,,,uuid:932fd64c-8927-4f79-b578-c522c9096d5e/survey/siblingsyour/brother/brotheryour_kid[1],uuid:932fd64c-8927-4f79-b578-c522c9096d5e/survey/siblingsyour/brother/brotheryour_kid[1]/brotheryour_kid_questions[2]
2,third,الثالث,الثالثة,third,الثالث,female,الثالثة,alive,15,,,,,,,uuid:932fd64c-8927-4f79-b578-c522c9096d5e/survey/siblingsyour/brother/brotheryour_kid[1],uuid:932fd64c-8927-4f79-b578-c522c9096d5e/survey/siblingsyour/brother/brotheryour_kid[1]/brotheryour_kid_questions[3]
3,fourth,الرابع,الرابعة,fourth,الرابع,female,الرابعة,alive,13,,,,,,,uuid:932fd64c-8927-4f79-b578-c522c9096d5e/survey/siblingsyour/brother/brotheryour_kid[1],uuid:932fd64c-8927-4f79-b578-c522c9096d5e/survey/siblingsyour/brother/brotheryour_kid[1]/brotheryour_kid_questions[4]
4,fifth,الخامس,الخامسة,fifth,الخامس,male,الخامس,alive,10,,,,,,,uuid:932fd64c-8927-4f79-b578-c522c9096d5e/survey/siblingsyour/brother/brotheryour_kid[1],uuid:932fd64c-8927-4f79-b578-c522c9096d5e/survey/siblingsyour/brother/brotheryour_kid[1]/brotheryour_kid_questions[5]
5,sixth,السادس,السادسة,sixth,السادس,female,السادسة,alive,7,,,,,,,uuid:932fd64c-8927-4f79-b578-c522c9096d5e/survey/siblingsyour/brother/brotheryour_kid[1],uuid:932fd64c-8927-4f79-b578-c522c9096d5e/survey/siblingsyour/brother/brotheryour_kid[1]/brotheryour_kid_questions[6]
6,seventh,السابع,السابعة,seventh,السابع,female,السابعة,alive,2,,,,,,,uuid:932fd64c-8927-4f79-b578-c522c9096d5e/survey/siblingsyour/brother/brotheryour_kid[1],uuid:932fd64c-8927-4f79-b578-c522c9096d5e/survey/siblingsyour/brother/brotheryour_kid[1]/brotheryour_kid_questions[7]
0,first,الأول,الأولى,first,الأول,female,الأولى,alive,20,,,,,,,uuid:932fd64c-8927-4f79-b578-c522c9096d5e/survey/siblingsyour/brother/brotheryour_kid[2],uuid:932fd64c-8927-4f79-b578-c522c9096d5e/survey/siblingsyour/brother/brotheryour_kid[2]/brotheryour_kid_questions[1]
1,second,الثاني,الثانية,second,الثاني,male,الثاني,alive,17,,,,,,,uuid:932fd64c-8927-4f79-b578-c522c9096d5e/survey/siblingsyour/brother/brotheryour_kid[2],uuid:932fd64c-8927-4f79-b578-c522c9096d5e/survey/siblingsyour/brother/brotheryour_kid[2]/brotheryour_kid_questions[2]
2,third,الثالث,الثالثة,third,الثالث,male,الثالث,alive,11,,,,,,,uuid:932fd64c-8927-4f79-b578-c522c9096d5e/survey/siblingsyour/brother/brotheryour_kid[2],uuid:932fd64c-8927-4f79-b578-c522c9096d5e/survey/siblingsyour/brother/brotheryour_kid[2]/brotheryour_kid_questions[3]
3,fourth,الرابع,الرابعة,fourth,الرابع,female,الرابعة,alive,9,,,,,,,uuid:932fd64c-8927-4f79-b578-c522c9096d5e/survey/siblingsyour/brother/brotheryour_kid[2],uuid:932fd64c-8927-4f79-b578-c522c9096d5e/survey/siblingsyour/brother/brotheryour_kid[2]/brotheryour_kid_questions[4]
0,first,الأول,الأولى,,,female,,alive,0,,,,,,,uuid:932fd64c-8927-4f79-b578-c522c9096d5e/survey/siblingsyour/brother/brotheryour_kid[3],uuid:932fd64c-8927-4f79-b578-c522c9096d5e/survey/siblingsyour/brother/brotheryour_kid[3]/brotheryour_kid_questions[1]
0,first,الأول,الأولى,,,female,,alive,4,,,,,,,uuid:44249f53-ec72-4740-8a7e-818b15f98d31/survey/siblingsyour/brother/brotheryour_kid[1],uuid:44249f53-ec72-4740-8a7e-818b15f98d31/survey/siblingsyour/brother/brotheryour_kid[1]/brotheryour_kid_questions[1]
0,first,الأول,الأولى,,,female,,alive,0,,,,,,,uuid:44249f53-ec72-4740-8a7e-818b15f98d31/survey/siblingsyour/brother/brotheryour_kid[2],uuid:44249f53-ec72-4740-8a7e-818b15f98d31/survey/siblingsyour/brother/brotheryour_kid[2]/brotheryour_kid_questions[1]
0,first,الأول,الأولى,,,male,,alive,1,,,,,,,uuid:f181c343-2478-4b69-ab2e-743df2f0347d/survey/siblingsyour/brother/brotheryour_kid[1],uuid:f181c343-2478-4b69-ab2e-743df2f0347d/survey/siblingsyour/brother/brotheryour_kid[1]/brotheryour_kid_questions[1]
0,first,الأول,الأولى,,,male,,alive,3,,,,,,,uuid:f181c343-2478-4b69-ab2e-743df2f0347d/survey/siblingsyour/brother/brotheryour_kid[2],uuid:f181c343-2478-4b69-ab2e-743df2f0347d/survey/siblingsyour/brother/brotheryour_kid[2]/brotheryour_kid_questions[1]
0,first,الأول,الأولى,first,الأول,male,الأول,alive,15,,,,,,,uuid:e3da7454-f609-4503-b800-6a8830fc65e0/survey/siblingsyour/brother/brotheryour_kid[1],uuid:e3da7454-f609-4503-b800-6a8830fc65e0/survey/siblingsyour/brother/brotheryour_kid[1]/brotheryour_kid_questions[1]
1,second,الثاني,الثانية,second,الثاني,male,الثاني,alive,11,,,,,,,uuid:e3da7454-f609-4503-b800-6a8830fc65e0/survey/siblingsyour/brother/brotheryour_kid[1],uuid:e3da7454-f609-4503-b800-6a8830fc65e0/survey/siblingsyour/brother/brotheryour_kid[1]/brotheryour_kid_questions[2]
2,third,الثالث,الثالثة,third,الثالث,female,الثالثة,alive,4,,,,,,,uuid:e3da7454-f609-4503-b800-6a8830fc65e0/survey/siblingsyour/brother/brotheryour_kid[1],uuid:e3da7454-f609-4503-b800-6a8830fc65e0/survey/siblingsyour/brother/brotheryour_kid[1]/brotheryour_kid_questions[3]
3,fourth,الرابع,الرابعة,fourth,الرابع,male,الرابع,alive,1,,,,,,,uuid:e3da7454-f609-4503-b800-6a8830fc65e0/survey/siblingsyour/brother/brotheryour_kid[1],uuid:e3da7454-f609-4503-b800-6a8830fc65e0/survey/siblingsyour/brother/brotheryour_kid[1]/brotheryour_kid_questions[4]
0,first,الأول,الأولى,first,الأول,male,الأول,alive,27,,,,,,,uuid:aa7b20e6-fab7-43db-ae65-3642c93b3280/survey/siblingsyour/brother/brotheryour_kid[1],uuid:aa7b20e6-fab7-43db-ae65-3642c93b3280/survey/siblingsyour/brother/brotheryour_kid[1]/brotheryour_kid_questions[1]
1,second,الثاني,الثانية,second,الثاني,male,الثاني,alive,22,,,,,,,uuid:aa7b20e6-fab7-43db-ae65-3642c93b3280/survey/siblingsyour/brother/brotheryour_kid[1],uuid:aa7b20e6-fab7-43db-ae65-3642c93b3280/survey/siblingsyour/brother/brotheryour_kid[1]/brotheryour_kid_questions[2]
2,third,الثالث,الثالثة,third,الثالث,male,الثالث,alive,22,,,,,,,uuid:aa7b20e6-fab7-43db-ae65-3642c93b3280/survey/siblingsyour/brother/brotheryour_kid[1],uuid:aa7b20e6-fab7-43db-ae65-3642c93b3280/survey/siblingsyour/brother/brotheryour_kid[1]/brotheryour_kid_questions[3]
0,first,الأول,الأولى,first,الأول,female,الأولى,alive,23,,,,,,,uuid:aa7b20e6-fab7-43db-ae65-3642c93b3280/survey/siblingsyour/brother/brotheryour_kid[2],uuid:aa7b20e6-fab7-43db-ae65-3642c93b3280/survey/siblingsyour/brother/brotheryour_kid[2]/brotheryour_kid_questions[1]
1,second,الثاني,الثانية,second,الثاني,female,الثانية,alive,21,,,,,,,uuid:aa7b20e6-fab7-43db-ae65-3642c93b3280/survey/siblingsyour/brother/brotheryour_kid[2],uuid:aa7b20e6-fab7-43db-ae65-3642c93b3280/survey/siblingsyour/brother/brotheryour_kid[2]/brotheryour_kid_questions[2]
2,third,الثالث,الثالثة,third,الثالث,female,الثالثة,alive,19,,,,,,,uuid:aa7b20e6-fab7-43db-ae65-3642c93b3280/survey/siblingsyour/brother/brotheryour_kid[2],uuid:aa7b20e6-fab7-43db-ae65-3642c93b3280/survey/siblingsyour/brother/brotheryour_kid[2]/brotheryour_kid_questions[3]
3,fourth,الرابع,الرابعة,fourth,الرابع,male,الرابع,alive,13,,,,,,,uuid:aa7b20e6-fab7-43db-ae65-3642c93b3280/survey/siblingsyour/brother/brotheryour_kid[2],uuid:aa7b20e6-fab7-43db-ae65-3642c93b3280/survey/siblingsyour/brother/brotheryour_kid[2]/brotheryour_kid_questions[4]
4,fifth,الخامس,الخامسة,fifth,الخامس,female,الخامسة,alive,9,,,,,,,uuid:aa7b20e6-fab7-43db-ae65-3642c93b3280/survey/siblingsyour/brother/brotheryour_kid[2],uuid:aa7b20e6-fab7-43db-ae65-3642c93b3280/survey/siblingsyour/brother/brotheryour_kid[2]/brotheryour_kid_questions[5]
0,first,الأول,الأولى,first,الأول,male,الأول,alive,14,,,,,,,uuid:aa7b20e6-fab7-43db-ae65-3642c93b3280/survey/siblingsyour/brother/brotheryour_kid[3],uuid:aa7b20e6-fab7-43db-ae65-3642c93b3280/survey/siblingsyour/brother/brotheryour_kid[3]/brotheryour_kid_questions[1]
1,second,الثاني,الثانية,second,الثاني,male,الثاني,alive,7,,,,,,,uuid:aa7b20e6-fab7-43db-ae65-3642c93b3280/survey/siblingsyour/brother/brotheryour_kid[3],uuid:aa7b20e6-fab7-43db-ae65-3642c93b3280/survey/siblingsyour/brother/brotheryour_kid[3]/brotheryour_kid_questions[2]
0,first,الأول,الأولى,first,الأول,female,الأولى,deceased,,no,2020,feb,0,,,uuid:26237cff-102b-4df7-b162-03aff8615925/survey/siblingsyour/brother/brotheryour_kid[2],uuid:26237cff-102b-4df7-b162-03aff8615925/survey/siblingsyour/brother/brotheryour_kid[2]/brotheryour_kid_questions[1]
1,second,الثاني,الثانية,second,الثاني,female,الثانية,alive,0,,,,,,,uuid:26237cff-102b-4df7-b162-03aff8615925/survey/siblingsyour/brother/brotheryour_kid[2],uuid:26237cff-102b-4df7-b162-03aff8615925/survey/siblingsyour/brother/brotheryour_kid[2]/brotheryour_kid_questions[2]
0,first,الأول,الأولى,,,male,,alive,2,,,,,,,uuid:49fb5af5-29dc-404a-a403-3aadd4ae4510/survey/siblingsyour/brother/brotheryour_kid[1],uuid:49fb5af5-29dc-404a-a403-3aadd4ae4510/survey/siblingsyour/brother/brotheryour_kid[1]/brotheryour_kid_questions[1]
0,first,الأول,الأولى,first,الأول,female,الأولى,alive,20,,,,,,,uuid:431737a6-830c-44ff-abaf-370d849bcee3/survey/siblingsyour/brother/brotheryour_kid[1],uuid:431737a6-830c-44ff-abaf-370d849bcee3/survey/siblingsyour/brother/brotheryour_kid[1]/brotheryour_kid_questions[1]
1,second,الثاني,الثانية,second,الثاني,male,الثاني,alive,17,,,,,,,uuid:431737a6-830c-44ff-abaf-370d849bcee3/survey/siblingsyour/brother/brotheryour_kid[1],uuid:431737a6-830c-44ff-abaf-370d849bcee3/survey/siblingsyour/brother/brotheryour_kid[1]/brotheryour_kid_questions[2]
0,first,الأول,الأولى,first,الأول,male,الأول,alive,20,,,,,,,uuid:431737a6-830c-44ff-abaf-370d849bcee3/survey/siblingsyour/brother/brotheryour_kid[2],uuid:431737a6-830c-44ff-abaf-370d849bcee3/survey/siblingsyour/brother/brotheryour_kid[2]/brotheryour_kid_questions[1]
1,second,الثاني,الثانية,second,الثاني,male,الثاني,alive,13,,,,,,,uuid:431737a6-830c-44ff-abaf-370d849bcee3/survey/siblingsyour/brother/brotheryour_kid[2],uuid:431737a6-830c-44ff-abaf-370d849bcee3/survey/siblingsyour/brother/brotheryour_kid[2]/brotheryour_kid_questions[2]
0,first,الأول,الأولى,first,الأول,male,الأول,alive,21,,,,,,,uuid:a5632601-e3d9-41ab-b1ee-ae2250cfa4a4/survey/siblingsyour/brother/brotheryour_kid[1],uuid:a5632601-e3d9-41ab-b1ee-ae2250cfa4a4/survey/siblingsyour/brother/brotheryour_kid[1]/brotheryour_kid_questions[1]
1,second,الثاني,الثانية,second,الثاني,male,الثاني,alive,19,,,,,,,uuid:a5632601-e3d9-41ab-b1ee-ae2250cfa4a4/survey/siblingsyour/brother/brotheryour_kid[1],uuid:a5632601-e3d9-41ab-b1ee-ae2250cfa4a4/survey/siblingsyour/brother/brotheryour_kid[1]/brotheryour_kid_questions[2]
0,first,الأول,الأولى,first,الأول,male,الأول,alive,20,,,,,,,uuid:b1313f0c-b75a-4f0d-a16b-500fe80bd88e/survey/siblingsyour/brother/brotheryour_kid[1],uuid:b1313f0c-b75a-4f0d-a16b-500fe80bd88e/survey/siblingsyour/brother/brotheryour_kid[1]/brotheryour_kid_questions[1]
1,second,الثاني,الثانية,second,الثاني,female,الثانية,alive,18,,,,,,,uuid:b1313f0c-b75a-4f0d-a16b-500fe80bd88e/survey/siblingsyour/brother/brotheryour_kid[1],uuid:b1313f0c-b75a-4f0d-a16b-500fe80bd88e/survey/siblingsyour/brother/brotheryour_kid[1]/brotheryour_kid_questions[2]
2,third,الثالث,الثالثة,third,الثالث,female,الثالثة,alive,16,,,,,,,uuid:b1313f0c-b75a-4f0d-a16b-500fe80bd88e/survey/siblingsyour/brother/brotheryour_kid[1],uuid:b1313f0c-b75a-4f0d-a16b-500fe80bd88e/survey/siblingsyour/brother/brotheryour_kid[1]/brotheryour_kid_questions[3]
3,fourth,الرابع,الرابعة,fourth,الرابع,female,الرابعة,alive,8,,,,,,,uuid:b1313f0c-b75a-4f0d-a16b-500fe80bd88e/survey/siblingsyour/brother/brotheryour_kid[1],uuid:b1313f0c-b75a-4f0d-a16b-500fe80bd88e/survey/siblingsyour/brother/brotheryour_kid[1]/brotheryour_kid_questions[4]
0,first,الأول,الأولى,,,male,,unknown,,,,,,,,uuid:033c8225-e861-4d68-b9d3-27f574f96a14/survey/siblingsyour/brother/brotheryour_kid[1],uuid:033c8225-e861-4d68-b9d3-27f574f96a14/survey/siblingsyour/brother/brotheryour_kid[1]/brotheryour_kid_questions[1]
0,first,الأول,الأولى,first,الأول,female,الأولى,alive,12,,,,,,,uuid:815730e3-7c41-44e5-84b6-ea697506b494/survey/siblingsyour/brother/brotheryour_kid[1],uuid:815730e3-7c41-44e5-84b6-ea697506b494/survey/siblingsyour/brother/brotheryour_kid[1]/brotheryour_kid_questions[1]
1,second,الثاني,الثانية,second,الثاني,male,الثاني,alive,9,,,,,,,uuid:815730e3-7c41-44e5-84b6-ea697506b494/survey/siblingsyour/brother/brotheryour_kid[1],uuid:815730e3-7c41-44e5-84b6-ea697506b494/survey/siblingsyour/brother/brotheryour_kid[1]/brotheryour_kid_questions[2]
2,third,الثالث,الثالثة,third,الثالث,female,الثالثة,alive,1,,,,,,,uuid:815730e3-7c41-44e5-84b6-ea697506b494/survey/siblingsyour/brother/brotheryour_kid[1],uuid:815730e3-7c41-44e5-84b6-ea697506b494/survey/siblingsyour/brother/brotheryour_kid[1]/brotheryour_kid_questions[3]
0,first,الأول,الأولى,,,male,,alive,0,,,,,,,uuid:d7d06a4a-c80d-4c11-853c-9dff48421856/survey/siblingsyour/brother/brotheryour_kid[1],uuid:d7d06a4a-c80d-4c11-853c-9dff48421856/survey/siblingsyour/brother/brotheryour_kid[1]/brotheryour_kid_questions[1]
0,first,الأول,الأولى,first,الأول,female,الأولى,alive,22,,,,,,,uuid:7fb72d12-347f-494d-890e-d34efea88964/survey/siblingsyour/brother/brotheryour_kid[1],uuid:7fb72d12-347f-494d-890e-d34efea88964/survey/siblingsyour/brother/brotheryour_kid[1]/brotheryour_kid_questions[1]
1,second,الثاني,الثانية,second,الثاني,female,الثانية,alive,18,,,,,,,uuid:7fb72d12-347f-494d-890e-d34efea88964/survey/siblingsyour/brother/brotheryour_kid[1],uuid:7fb72d12-347f-494d-890e-d34efea88964/survey/siblingsyour/brother/brotheryour_kid[1]/brotheryour_kid_questions[2]
2,third,الثالث,الثالثة,third,الثالث,male,الثالث,alive,15,,,,,,,uuid:7fb72d12-347f-494d-890e-d34efea88964/survey/siblingsyour/brother/brotheryour_kid[1],uuid:7fb72d12-347f-494d-890e-d34efea88964/survey/siblingsyour/brother/brotheryour_kid[1]/brotheryour_kid_questions[3]
0,first,الأول,الأولى,first,الأول,female,الأولى,alive,15,,,,,,,uuid:7fb72d12-347f-494d-890e-d34efea88964/survey/siblingsyour/brother/brotheryour_kid[2],uuid:7fb72d12-347f-494d-890e-d34efea88964/survey/siblingsyour/brother/brotheryour_kid[2]/brotheryour_kid_questions[1]
1,second,الثاني,الثانية,second,الثاني,male,الثاني,alive,12,,,,,,,uuid:7fb72d12-347f-494d-890e-d34efea88964/survey/siblingsyour/brother/brotheryour_kid[2],uuid:7fb72d12-347f-494d-890e-d34efea88964/survey/siblingsyour/brother/brotheryour_kid[2]/brotheryour_kid_questions[2]
0,first,الأول,الأولى,first,الأول,female,الأولى,alive,21,,,,,,,uuid:8eea0741-2fcb-4c78-a743-06cc8c1a7396/survey/siblingsyour/brother/brotheryour_kid[1],uuid:8eea0741-2fcb-4c78-a743-06cc8c1a7396/survey/siblingsyour/brother/brotheryour_kid[1]/brotheryour_kid_questions[1]
1,second,الثاني,الثانية,second,الثاني,female,الثانية,alive,17,,,,,,,uuid:8eea0741-2fcb-4c78-a743-06cc8c1a7396/survey/siblingsyour/brother/brotheryour_kid[1],uuid:8eea0741-2fcb-4c78-a743-06cc8c1a7396/survey/siblingsyour/brother/brotheryour_kid[1]/brotheryour_kid_questions[2]
2,third,الثالث,الثالثة,third,الثالث,male,الثالث,alive,14,,,,,,,uuid:8eea0741-2fcb-4c78-a743-06cc8c1a7396/survey/siblingsyour/brother/brotheryour_kid[1],uuid:8eea0741-2fcb-4c78-a743-06cc8c1a7396/survey/siblingsyour/brother/brotheryour_kid[1]/brotheryour_kid_questions[3]
0,first,الأول,الأولى,first,الأول,female,الأولى,alive,22,,,,,,,uuid:8eea0741-2fcb-4c78-a743-06cc8c1a7396/survey/siblingsyour/brother/brotheryour_kid[2],uuid:8eea0741-2fcb-4c78-a743-06cc8c1a7396/survey/siblingsyour/brother/brotheryour_kid[2]/brotheryour_kid_questions[1]
1,second,الثاني,الثانية,second,الثاني,female,الثانية,alive,19,,,,,,,uuid:8eea0741-2fcb-4c78-a743-06cc8c1a7396/survey/siblingsyour/brother/brotheryour_kid[2],uuid:8eea0741-2fcb-4c78-a743-06cc8c1a7396/survey/siblingsyour/brother/brotheryour_kid[2]/brotheryour_kid_questions[2]
2,third,الثالث,الثالثة,third,الثالث,male,الثالث,alive,18,,,,,,,uuid:8eea0741-2fcb-4c78-a743-06cc8c1a7396/survey/siblingsyour/brother/brotheryour_kid[2],uuid:8eea0741-2fcb-4c78-a743-06cc8c1a7396/survey/siblingsyour/brother/brotheryour_kid[2]/brotheryour_kid_questions[3]
3,fourth,الرابع,الرابعة,fourth,الرابع,female,الرابعة,alive,14,,,,,,,uuid:8eea0741-2fcb-4c78-a743-06cc8c1a7396/survey/siblingsyour/brother/brotheryour_kid[2],uuid:8eea0741-2fcb-4c78-a743-06cc8c1a7396/survey/siblingsyour/brother/brotheryour_kid[2]/brotheryour_kid_questions[4]
4,fifth,الخامس,الخامسة,fifth,الخامس,male,الخامس,alive,5,,,,,,,uuid:8eea0741-2fcb-4c78-a743-06cc8c1a7396/survey/siblingsyour/brother/brotheryour_kid[2],uuid:8eea0741-2fcb-4c78-a743-06cc8c1a7396/survey/siblingsyour/brother/brotheryour_kid[2]/brotheryour_kid_questions[5]
0,first,الأول,الأولى,first,الأول,male,الأول,alive,30,,,,,,,uuid:e76183e2-bbe1-4d97-9a5f-1b7e2580c5b9/survey/siblingsyour/brother/brotheryour_kid[1],uuid:e76183e2-bbe1-4d97-9a5f-1b7e2580c5b9/survey/siblingsyour/brother/brotheryour_kid[1]/brotheryour_kid_questions[1]
1,second,الثاني,الثانية,second,الثاني,male,الثاني,alive,28,,,,,,,uuid:e76183e2-bbe1-4d97-9a5f-1b7e2580c5b9/survey/siblingsyour/brother/brotheryour_kid[1],uuid:e76183e2-bbe1-4d97-9a5f-1b7e2580c5b9/survey/siblingsyour/brother/brotheryour_kid[1]/brotheryour_kid_questions[2]
2,third,الثالث,الثالثة,third,الثالث,male,الثالث,alive,21,,,,,,,uuid:e76183e2-bbe1-4d97-9a5f-1b7e2580c5b9/survey/siblingsyour/brother/brotheryour_kid[1],uuid:e76183e2-bbe1-4d97-9a5f-1b7e2580c5b9/survey/siblingsyour/brother/brotheryour_kid[1]/brotheryour_kid_questions[3]
3,fourth,الرابع,الرابعة,fourth,الرابع,female,الرابعة,alive,13,,,,,,,uuid:e76183e2-bbe1-4d97-9a5f-1b7e2580c5b9/survey/siblingsyour/brother/brotheryour_kid[1],uuid:e76183e2-bbe1-4d97-9a5f-1b7e2580c5b9/survey/siblingsyour/brother/brotheryour_kid[1]/brotheryour_kid_questions[4]
4,fifth,الخامس,الخامسة,fifth,الخامس,male,الخامس,alive,4,,,,,,,uuid:e76183e2-bbe1-4d97-9a5f-1b7e2580c5b9/survey/siblingsyour/brother/brotheryour_kid[1],uuid:e76183e2-bbe1-4d97-9a5f-1b7e2580c5b9/survey/siblingsyour/brother/brotheryour_kid[1]/brotheryour_kid_questions[5]
5,sixth,السادس,السادسة,sixth,السادس,male,السادس,alive,1,,,,,,,uuid:e76183e2-bbe1-4d97-9a5f-1b7e2580c5b9/survey/siblingsyour/brother/brotheryour_kid[1],uuid:e76183e2-bbe1-4d97-9a5f-1b7e2580c5b9/survey/siblingsyour/brother/brotheryour_kid[1]/brotheryour_kid_questions[6]
0,first,الأول,الأولى,first,الأول,male,الأول,alive,20,,,,,,,uuid:feda2c47-36fc-4489-87ab-f567b088f8e9/survey/siblingsyour/brother/brotheryour_kid[1],uuid:feda2c47-36fc-4489-87ab-f567b088f8e9/survey/siblingsyour/brother/brotheryour_kid[1]/brotheryour_kid_questions[1]
1,second,الثاني,الثانية,second,الثاني,female,الثانية,alive,18,,,,,,,uuid:feda2c47-36fc-4489-87ab-f567b088f8e9/survey/siblingsyour/brother/brotheryour_kid[1],uuid:feda2c47-36fc-4489-87ab-f567b088f8e9/survey/siblingsyour/brother/brotheryour_kid[1]/brotheryour_kid_questions[2]
2,third,الثالث,الثالثة,third,الثالث,female,الثالثة,alive,16,,,,,,,uuid:feda2c47-36fc-4489-87ab-f567b088f8e9/survey/siblingsyour/brother/brotheryour_kid[1],uuid:feda2c47-36fc-4489-87ab-f567b088f8e9/survey/siblingsyour/brother/brotheryour_kid[1]/brotheryour_kid_questions[3]
0,first,الأول,الأولى,first,الأول,female,الأولى,alive,30,,,,,,,uuid:feda2c47-36fc-4489-87ab-f567b088f8e9/survey/siblingsyour/brother/brotheryour_kid[2],uuid:feda2c47-36fc-4489-87ab-f567b088f8e9/survey/siblingsyour/brother/brotheryour_kid[2]/brotheryour_kid_questions[1]
1,second,الثاني,الثانية,second,الثاني,female,الثانية,alive,28,,,,,,,uuid:feda2c47-36fc-4489-87ab-f567b088f8e9/survey/siblingsyour/brother/brotheryour_kid[2],uuid:feda2c47-36fc-4489-87ab-f567b088f8e9/survey/siblingsyour/brother/brotheryour_kid[2]/brotheryour_kid_questions[2]
2,third,الثالث,الثالثة,third,الثالث,female,الثالثة,alive,26,,,,,,,uuid:feda2c47-36fc-4489-87ab-f567b088f8e9/survey/siblingsyour/brother/brotheryour_kid[2],uuid:feda2c47-36fc-4489-87ab-f567b088f8e9/survey/siblingsyour/brother/brotheryour_kid[2]/brotheryour_kid_questions[3]
3,fourth,الرابع,الرابعة,fourth,الرابع,female,الرابعة,alive,24,,,,,,,uuid:feda2c47-36fc-4489-87ab-f567b088f8e9/survey/siblingsyour/brother/brotheryour_kid[2],uuid:feda2c47-36fc-4489-87ab-f567b088f8e9/survey/siblingsyour/brother/brotheryour_kid[2]/brotheryour_kid_questions[4]
4,fifth,الخامس,الخامسة,fifth,الخامس,male,الخامس,alive,11,,,,,,,uuid:feda2c47-36fc-4489-87ab-f567b088f8e9/survey/siblingsyour/brother/brotheryour_kid[2],uuid:feda2c47-36fc-4489-87ab-f567b088f8e9/survey/siblingsyour/brother/brotheryour_kid[2]/brotheryour_kid_questions[5]
0,first,الأول,الأولى,,,male,,alive,1,,,,,,,uuid:88ae2d27-06d1-4b65-b115-20930e5e5713/survey/siblingsyour/brother/brotheryour_kid[1],uuid:88ae2d27-06d1-4b65-b115-20930e5e5713/survey/siblingsyour/brother/brotheryour_kid[1]/brotheryour_kid_questions[1]
0,first,الأول,الأولى,first,الأول,female,الأولى,alive,14,,,,,,,uuid:4ee18826-e57b-4c21-9c5d-3e6b3173b890/survey/siblingsyour/brother/brotheryour_kid[1],uuid:4ee18826-e57b-4c21-9c5d-3e6b3173b890/survey/siblingsyour/brother/brotheryour_kid[1]/brotheryour_kid_questions[1]
1,second,الثاني,الثانية,second,الثاني,female,الثانية,alive,12,,,,,,,uuid:4ee18826-e57b-4c21-9c5d-3e6b3173b890/survey/siblingsyour/brother/brotheryour_kid[1],uuid:4ee18826-e57b-4c21-9c5d-3e6b3173b890/survey/siblingsyour/brother/brotheryour_kid[1]/brotheryour_kid_questions[2]
2,third,الثالث,الثالثة,third,الثالث,female,الثالثة,alive,10,,,,,,,uuid:4ee18826-e57b-4c21-9c5d-3e6b3173b890/survey/siblingsyour/brother/brotheryour_kid[1],uuid:4ee18826-e57b-4c21-9c5d-3e6b3173b890/survey/siblingsyour/brother/brotheryour_kid[1]/brotheryour_kid_questions[3]
3,fourth,الرابع,الرابعة,fourth,الرابع,male,الرابع,alive,7,,,,,,,uuid:4ee18826-e57b-4c21-9c5d-3e6b3173b890/survey/siblingsyour/brother/brotheryour_kid[1],uuid:4ee18826-e57b-4c21-9c5d-3e6b3173b890/survey/siblingsyour/brother/brotheryour_kid[1]/brotheryour_kid_questions[4]
0,first,الأول,الأولى,,,male,,alive,0,,,,,,,uuid:4ee18826-e57b-4c21-9c5d-3e6b3173b890/survey/siblingsyour/brother/brotheryour_kid[2],uuid:4ee18826-e57b-4c21-9c5d-3e6b3173b890/survey/siblingsyour/brother/brotheryour_kid[2]/brotheryour_kid_questions[1]
0,first,الأول,الأولى,first,الأول,male,الأول,alive,15,,,,,,,uuid:4ee18826-e57b-4c21-9c5d-3e6b3173b890/survey/siblingsyour/brother/brotheryour_kid[3],uuid:4ee18826-e57b-4c21-9c5d-3e6b3173b890/survey/siblingsyour/brother/brotheryour_kid[3]/brotheryour_kid_questions[1]
1,second,الثاني,الثانية,second,الثاني,male,الثاني,alive,8,,,,,,,uuid:4ee18826-e57b-4c21-9c5d-3e6b3173b890/survey/siblingsyour/brother/brotheryour_kid[3],uuid:4ee18826-e57b-4c21-9c5d-3e6b3173b890/survey/siblingsyour/brother/brotheryour_kid[3]/brotheryour_kid_questions[2]
0,first,الأول,الأولى,,,male,,alive,6,,,,,,,uuid:56b96d89-497d-4686-bf0e-bf2c4cc74dcb/survey/siblingsyour/brother/brotheryour_kid[1],uuid:56b96d89-497d-4686-bf0e-bf2c4cc74dcb/survey/siblingsyour/brother/brotheryour_kid[1]/brotheryour_kid_questions[1]
0,first,الأول,الأولى,,,male,,alive,1,,,,,,,uuid:485d3f6d-c326-478e-a987-d85bdbc15227/survey/siblingsyour/brother/brotheryour_kid[2],uuid:485d3f6d-c326-478e-a987-d85bdbc15227/survey/siblingsyour/brother/brotheryour_kid[2]/brotheryour_kid_questions[1]
0,first,الأول,الأولى,first,الأول,male,الأول,alive,3,,,,,,,uuid:cbc77873-3922-497b-930a-e9d16fe31822/survey/siblingsyour/brother/brotheryour_kid[1],uuid:cbc77873-3922-497b-930a-e9d16fe31822/survey/siblingsyour/brother/brotheryour_kid[1]/brotheryour_kid_questions[1]
1,second,الثاني,الثانية,second,الثاني,male,الثاني,alive,1,,,,,,,uuid:cbc77873-3922-497b-930a-e9d16fe31822/survey/siblingsyour/brother/brotheryour_kid[1],uuid:cbc77873-3922-497b-930a-e9d16fe31822/survey/siblingsyour/brother/brotheryour_kid[1]/brotheryour_kid_questions[2]
0,first,الأول,الأولى,first,الأول,female,الأولى,alive,8,,,,,,,uuid:e4d3ed23-1803-4ad9-9d5c-f0edc837735c/survey/siblingsyour/brother/brotheryour_kid[2],uuid:e4d3ed23-1803-4ad9-9d5c-f0edc837735c/survey/siblingsyour/brother/brotheryour_kid[2]/brotheryour_kid_questions[1]
1,second,الثاني,الثانية,second,الثاني,male,الثاني,alive,6,,,,,,,uuid:e4d3ed23-1803-4ad9-9d5c-f0edc837735c/survey/siblingsyour/brother/brotheryour_kid[2],uuid:e4d3ed23-1803-4ad9-9d5c-f0edc837735c/survey/siblingsyour/brother/brotheryour_kid[2]/brotheryour_kid_questions[2]
2,third,الثالث,الثالثة,third,الثالث,female,الثالثة,alive,0,,,,,,,uuid:e4d3ed23-1803-4ad9-9d5c-f0edc837735c/survey/siblingsyour/brother/brotheryour_kid[2],uuid:e4d3ed23-1803-4ad9-9d5c-f0edc837735c/survey/siblingsyour/brother/brotheryour_kid[2]/brotheryour_kid_questions[3]
0,first,الأول,الأولى,,,male,,alive,2,,,,,,,uuid:e4d3ed23-1803-4ad9-9d5c-f0edc837735c/survey/siblingsyour/brother/brotheryour_kid[3],uuid:e4d3ed23-1803-4ad9-9d5c-f0edc837735c/survey/siblingsyour/brother/brotheryour_kid[3]/brotheryour_kid_questions[1]
0,first,الأول,الأولى,first,الأول,female,الأولى,alive,17,,,,,,,uuid:7132c1fd-33d8-4303-97eb-c86b3ac20408/survey/siblingsyour/brother/brotheryour_kid[1],uuid:7132c1fd-33d8-4303-97eb-c86b3ac20408/survey/siblingsyour/brother/brotheryour_kid[1]/brotheryour_kid_questions[1]
1,second,الثاني,الثانية,second,الثاني,female,الثانية,alive,11,,,,,,,uuid:7132c1fd-33d8-4303-97eb-c86b3ac20408/survey/siblingsyour/brother/brotheryour_kid[1],uuid:7132c1fd-33d8-4303-97eb-c86b3ac20408/survey/siblingsyour/brother/brotheryour_kid[1]/brotheryour_kid_questions[2]
0,first,الأول,الأولى,first,الأول,male,الأول,alive,13,,,,,,,uuid:7132c1fd-33d8-4303-97eb-c86b3ac20408/survey/siblingsyour/brother/brotheryour_kid[2],uuid:7132c1fd-33d8-4303-97eb-c86b3ac20408/survey/siblingsyour/brother/brotheryour_kid[2]/brotheryour_kid_questions[1]
1,second,الثاني,الثانية,second,الثاني,female,الثانية,alive,11,,,,,,,uuid:7132c1fd-33d8-4303-97eb-c86b3ac20408/survey/siblingsyour/brother/brotheryour_kid[2],uuid:7132c1fd-33d8-4303-97eb-c86b3ac20408/survey/siblingsyour/brother/brotheryour_kid[2]/brotheryour_kid_questions[2]
2,third,الثالث,الثالثة,third,الثالث,male,الثالث,alive,6,,,,,,,uuid:7132c1fd-33d8-4303-97eb-c86b3ac20408/survey/siblingsyour/brother/brotheryour_kid[2],uuid:7132c1fd-33d8-4303-97eb-c86b3ac20408/survey/siblingsyour/brother/brotheryour_kid[2]/brotheryour_kid_questions[3]
0,first,الأول,الأولى,,,male,,alive,2,,,,,,,uuid:1c7922ec-847a-433a-b8f2-8a2c071e44c4/survey/siblingsyour/brother/brotheryour_kid[2],uuid:1c7922ec-847a-433a-b8f2-8a2c071e44c4/survey/siblingsyour/brother/brotheryour_kid[2]/brotheryour_kid_questions[1]
0,first,الأول,الأولى,first,الأول,male,الأول,alive,6,,,,,,,uuid:481eab0b-e62b-492b-a18d-007cc083fe20/survey/siblingsyour/brother/brotheryour_kid[1],uuid:481eab0b-e62b-492b-a18d-007cc083fe20/survey/siblingsyour/brother/brotheryour_kid[1]/brotheryour_kid_questions[1]
1,second,الثاني,الثانية,second,الثاني,male,الثاني,alive,4,,,,,,,uuid:481eab0b-e62b-492b-a18d-007cc083fe20/survey/siblingsyour/brother/brotheryour_kid[1],uuid:481eab0b-e62b-492b-a18d-007cc083fe20/survey/siblingsyour/brother/brotheryour_kid[1]/brotheryour_kid_questions[2]
0,first,الأول,الأولى,,,female,,alive,2,,,,,,,uuid:481eab0b-e62b-492b-a18d-007cc083fe20/survey/siblingsyour/brother/brotheryour_kid[2],uuid:481eab0b-e62b-492b-a18d-007cc083fe20/survey/siblingsyour/brother/brotheryour_kid[2]/brotheryour_kid_questions[1]
0,first,الأول,الأولى,first,الأول,male,الأول,alive,7,,,,,,,uuid:85734498-203d-4d22-a2f3-c2825e311bd8/survey/siblingsyour/brother/brotheryour_kid[2],uuid:85734498-203d-4d22-a2f3-c2825e311bd8/survey/siblingsyour/brother/brotheryour_kid[2]/brotheryour_kid_questions[1]
1,second,الثاني,الثانية,second,الثاني,male,الثاني,alive,0,,,,,,,uuid:85734498-203d-4d22-a2f3-c2825e311bd8/survey/siblingsyour/brother/brotheryour_kid[2],uuid:85734498-203d-4d22-a2f3-c2825e311bd8/survey/siblingsyour/brother/brotheryour_kid[2]/brotheryour_kid_questions[2]
0,first,الأول,الأولى,first,الأول,female,الأولى,alive,21,,,,,,,uuid:41679e76-a1c1-498b-bfed-63756649aaef/survey/siblingsyour/brother/brotheryour_kid[1],uuid:41679e76-a1c1-498b-bfed-63756649aaef/survey/siblingsyour/brother/brotheryour_kid[1]/brotheryour_kid_questions[1]
1,second,الثاني,الثانية,second,الثاني,male,الثاني,alive,19,,,,,,,uuid:41679e76-a1c1-498b-bfed-63756649aaef/survey/siblingsyour/brother/brotheryour_kid[1],uuid:41679e76-a1c1-498b-bfed-63756649aaef/survey/siblingsyour/brother/brotheryour_kid[1]/brotheryour_kid_questions[2]
2,third,الثالث,الثالثة,third,الثالث,male,الثالث,alive,12,,,,,,,uuid:41679e76-a1c1-498b-bfed-63756649aaef/survey/siblingsyour/brother/brotheryour_kid[1],uuid:41679e76-a1c1-498b-bfed-63756649aaef/survey/siblingsyour/brother/brotheryour_kid[1]/brotheryour_kid_questions[3]
3,fourth,الرابع,الرابعة,fourth,الرابع,female,الرابعة,alive,5,,,,,,,uuid:41679e76-a1c1-498b-bfed-63756649aaef/survey/siblingsyour/brother/brotheryour_kid[1],uuid:41679e76-a1c1-498b-bfed-63756649aaef/survey/siblingsyour/brother/brotheryour_kid[1]/brotheryour_kid_questions[4]
0,first,الأول,الأولى,first,الأول,male,الأول,alive,15,,,,,,,uuid:41679e76-a1c1-498b-bfed-63756649aaef/survey/siblingsyour/brother/brotheryour_kid[2],uuid:41679e76-a1c1-498b-bfed-63756649aaef/survey/siblingsyour/brother/brotheryour_kid[2]/brotheryour_kid_questions[1]
1,second,الثاني,الثانية,second,الثاني,male,الثاني,alive,8,,,,,,,uuid:41679e76-a1c1-498b-bfed-63756649aaef/survey/siblingsyour/brother/brotheryour_kid[2],uuid:41679e76-a1c1-498b-bfed-63756649aaef/survey/siblingsyour/brother/brotheryour_kid[2]/brotheryour_kid_questions[2]
0,first,الأول,الأولى,first,الأول,female,الأولى,alive,21,,,,,,,uuid:533ce06e-44bc-450f-800a-8736c64b352a/survey/siblingsyour/brother/brotheryour_kid[1],uuid:533ce06e-44bc-450f-800a-8736c64b352a/survey/siblingsyour/brother/brotheryour_kid[1]/brotheryour_kid_questions[1]
1,second,الثاني,الثانية,second,الثاني,male,الثاني,alive,16,,,,,,,uuid:533ce06e-44bc-450f-800a-8736c64b352a/survey/siblingsyour/brother/brotheryour_kid[1],uuid:533ce06e-44bc-450f-800a-8736c64b352a/survey/siblingsyour/brother/brotheryour_kid[1]/brotheryour_kid_questions[2]
0,first,الأول,الأولى,first,الأول,male,الأول,alive,22,,,,,,,uuid:7ad06704-8558-408f-b6cf-a5c019d69bee/survey/siblingsyour/brother/brotheryour_kid[1],uuid:7ad06704-8558-408f-b6cf-a5c019d69bee/survey/siblingsyour/brother/brotheryour_kid[1]/brotheryour_kid_questions[1]
1,second,الثاني,الثانية,second,الثاني,female,الثانية,alive,16,,,,,,,uuid:7ad06704-8558-408f-b6cf-a5c019d69bee/survey/siblingsyour/brother/brotheryour_kid[1],uuid:7ad06704-8558-408f-b6cf-a5c019d69bee/survey/siblingsyour/brother/brotheryour_kid[1]/brotheryour_kid_questions[2]
2,third,الثالث,الثالثة,third,الثالث,female,الثالثة,alive,8,,,,,,,uuid:7ad06704-8558-408f-b6cf-a5c019d69bee/survey/siblingsyour/brother/brotheryour_kid[1],uuid:7ad06704-8558-408f-b6cf-a5c019d69bee/survey/siblingsyour/brother/brotheryour_kid[1]/brotheryour_kid_questions[3]
0,first,الأول,الأولى,first,الأول,female,الأولى,alive,15,,,,,,,uuid:f719c86e-3590-4721-b100-5f146d29e29b/survey/siblingsyour/brother/brotheryour_kid[1],uuid:f719c86e-3590-4721-b100-5f146d29e29b/survey/siblingsyour/brother/brotheryour_kid[1]/brotheryour_kid_questions[1]
1,second,الثاني,الثانية,second,الثاني,male,الثاني,alive,13,,,,,,,uuid:f719c86e-3590-4721-b100-5f146d29e29b/survey/siblingsyour/brother/brotheryour_kid[1],uuid:f719c86e-3590-4721-b100-5f146d29e29b/survey/siblingsyour/brother/brotheryour_kid[1]/brotheryour_kid_questions[2]
2,third,الثالث,الثالثة,third,الثالث,male,الثالث,alive,9,,,,,,,uuid:f719c86e-3590-4721-b100-5f146d29e29b/survey/siblingsyour/brother/brotheryour_kid[1],uuid:f719c86e-3590-4721-b100-5f146d29e29b/survey/siblingsyour/brother/brotheryour_kid[1]/brotheryour_kid_questions[3]
3,fourth,الرابع,الرابعة,fourth,الرابع,female,الرابعة,alive,3,,,,,,,uuid:f719c86e-3590-4721-b100-5f146d29e29b/survey/siblingsyour/brother/brotheryour_kid[1],uuid:f719c86e-3590-4721-b100-5f146d29e29b/survey/siblingsyour/brother/brotheryour_kid[1]/brotheryour_kid_questions[4]
0,first,الأول,الأولى,first,الأول,female,الأولى,alive,11,,,,,,,uuid:f719c86e-3590-4721-b100-5f146d29e29b/survey/siblingsyour/brother/brotheryour_kid[2],uuid:f719c86e-3590-4721-b100-5f146d29e29b/survey/siblingsyour/brother/brotheryour_kid[2]/brotheryour_kid_questions[1]
1,second,الثاني,الثانية,second,الثاني,female,الثانية,alive,8,,,,,,,uuid:f719c86e-3590-4721-b100-5f146d29e29b/survey/siblingsyour/brother/brotheryour_kid[2],uuid:f719c86e-3590-4721-b100-5f146d29e29b/survey/siblingsyour/brother/brotheryour_kid[2]/brotheryour_kid_questions[2]
2,third,الثالث,الثالثة,third,الثالث,female,الثالثة,alive,5,,,,,,,uuid:f719c86e-3590-4721-b100-5f146d29e29b/survey/siblingsyour/brother/brotheryour_kid[2],uuid:f719c86e-3590-4721-b100-5f146d29e29b/survey/siblingsyour/brother/brotheryour_kid[2]/brotheryour_kid_questions[3]
0,first,الأول,الأولى,first,الأول,female,الأولى,alive,7,,,,,,,uuid:f719c86e-3590-4721-b100-5f146d29e29b/survey/siblingsyour/brother/brotheryour_kid[3],uuid:f719c86e-3590-4721-b100-5f146d29e29b/survey/siblingsyour/brother/brotheryour_kid[3]/brotheryour_kid_questions[1]
1,second,الثاني,الثانية,second,الثاني,female,الثانية,alive,1,,,,,,,uuid:f719c86e-3590-4721-b100-5f146d29e29b/survey/siblingsyour/brother/brotheryour_kid[3],uuid:f719c86e-3590-4721-b100-5f146d29e29b/survey/siblingsyour/brother/brotheryour_kid[3]/brotheryour_kid_questions[2]
0,first,الأول,الأولى,first,الأول,female,الأولى,alive,7,,,,,,,uuid:f719c86e-3590-4721-b100-5f146d29e29b/survey/siblingsyour/brother/brotheryour_kid[4],uuid:f719c86e-3590-4721-b100-5f146d29e29b/survey/siblingsyour/brother/brotheryour_kid[4]/brotheryour_kid_questions[1]
1,second,الثاني,الثانية,second,الثاني,male,الثاني,alive,5,,,,,,,uuid:f719c86e-3590-4721-b100-5f146d29e29b/survey/siblingsyour/brother/brotheryour_kid[4],uuid:f719c86e-3590-4721-b100-5f146d29e29b/survey/siblingsyour/brother/brotheryour_kid[4]/brotheryour_kid_questions[2]
0,first,الأول,الأولى,,,male,,alive,2,,,,,,,uuid:f719c86e-3590-4721-b100-5f146d29e29b/survey/siblingsyour/brother/brotheryour_kid[5],uuid:f719c86e-3590-4721-b100-5f146d29e29b/survey/siblingsyour/brother/brotheryour_kid[5]/brotheryour_kid_questions[1]
0,first,الأول,الأولى,first,الأول,female,الأولى,alive,14,,,,,,,uuid:3d3c7d1e-b617-40fa-ba40-d8fd1dc3d081/survey/siblingsyour/brother/brotheryour_kid[1],uuid:3d3c7d1e-b617-40fa-ba40-d8fd1dc3d081/survey/siblingsyour/brother/brotheryour_kid[1]/brotheryour_kid_questions[1]
1,second,الثاني,الثانية,second,الثاني,male,الثاني,alive,10,,,,,,,uuid:3d3c7d1e-b617-40fa-ba40-d8fd1dc3d081/survey/siblingsyour/brother/brotheryour_kid[1],uuid:3d3c7d1e-b617-40fa-ba40-d8fd1dc3d081/survey/siblingsyour/brother/brotheryour_kid[1]/brotheryour_kid_questions[2]
2,third,الثالث,الثالثة,third,الثالث,male,الثالث,alive,7,,,,,,,uuid:3d3c7d1e-b617-40fa-ba40-d8fd1dc3d081/survey/siblingsyour/brother/brotheryour_kid[1],uuid:3d3c7d1e-b617-40fa-ba40-d8fd1dc3d081/survey/siblingsyour/brother/brotheryour_kid[1]/brotheryour_kid_questions[3]
0,first,الأول,الأولى,first,الأول,female,الأولى,alive,10,,,,,,,uuid:3d3c7d1e-b617-40fa-ba40-d8fd1dc3d081/survey/siblingsyour/brother/brotheryour_kid[2],uuid:3d3c7d1e-b617-40fa-ba40-d8fd1dc3d081/survey/siblingsyour/brother/brotheryour_kid[2]/brotheryour_kid_questions[1]
1,second,الثاني,الثانية,second,الثاني,male,الثاني,alive,4,,,,,,,uuid:3d3c7d1e-b617-40fa-ba40-d8fd1dc3d081/survey/siblingsyour/brother/brotheryour_kid[2],uuid:3d3c7d1e-b617-40fa-ba40-d8fd1dc3d081/survey/siblingsyour/brother/brotheryour_kid[2]/brotheryour_kid_questions[2]
2,third,الثالث,الثالثة,third,الثالث,female,الثالثة,alive,3,,,,,,,uuid:3d3c7d1e-b617-40fa-ba40-d8fd1dc3d081/survey/siblingsyour/brother/brotheryour_kid[2],uuid:3d3c7d1e-b617-40fa-ba40-d8fd1dc3d081/survey/siblingsyour/brother/brotheryour_kid[2]/brotheryour_kid_questions[3]
0,first,الأول,الأولى,first,الأول,male,الأول,alive,6,,,,,,,uuid:faab0fa5-71fb-49ad-977a-b693eb78c6bc/survey/siblingsyour/brother/brotheryour_kid[1],uuid:faab0fa5-71fb-49ad-977a-b693eb78c6bc/survey/siblingsyour/brother/brotheryour_kid[1]/brotheryour_kid_questions[1]
1,second,الثاني,الثانية,second,الثاني,male,الثاني,alive,0,,,,,,,uuid:faab0fa5-71fb-49ad-977a-b693eb78c6bc/survey/siblingsyour/brother/brotheryour_kid[1],uuid:faab0fa5-71fb-49ad-977a-b693eb78c6bc/survey/siblingsyour/brother/brotheryour_kid[1]/brotheryour_kid_questions[2]
0,first,الأول,الأولى,,,female,,alive,0,,,,,,,uuid:426decf5-4d42-4c90-b3b4-e90427a2baf2/survey/siblingsyour/brother/brotheryour_kid[1],uuid:426decf5-4d42-4c90-b3b4-e90427a2baf2/survey/siblingsyour/brother/brotheryour_kid[1]/brotheryour_kid_questions[1]
0,first,الأول,الأولى,first,الأول,male,الأول,alive,16,,,,,,,uuid:5f355532-147a-40fc-af36-12130ed1577a/survey/siblingsyour/brother/brotheryour_kid[1],uuid:5f355532-147a-40fc-af36-12130ed1577a/survey/siblingsyour/brother/brotheryour_kid[1]/brotheryour_kid_questions[1]
1,second,الثاني,الثانية,second,الثاني,male,الثاني,alive,12,,,,,,,uuid:5f355532-147a-40fc-af36-12130ed1577a/survey/siblingsyour/brother/brotheryour_kid[1],uuid:5f355532-147a-40fc-af36-12130ed1577a/survey/siblingsyour/brother/brotheryour_kid[1]/brotheryour_kid_questions[2]
0,first,الأول,الأولى,first,الأول,female,الأولى,alive,9,,,,,,,uuid:5c3f639e-0d9d-4116-8574-b064ecc2adc7/survey/siblingsyour/brother/brotheryour_kid[1],uuid:5c3f639e-0d9d-4116-8574-b064ecc2adc7/survey/siblingsyour/brother/brotheryour_kid[1]/brotheryour_kid_questions[1]
1,second,الثاني,الثانية,second,الثاني,male,الثاني,alive,2,,,,,,,uuid:5c3f639e-0d9d-4116-8574-b064ecc2adc7/survey/siblingsyour/brother/brotheryour_kid[1],uuid:5c3f639e-0d9d-4116-8574-b064ecc2adc7/survey/siblingsyour/brother/brotheryour_kid[1]/brotheryour_kid_questions[2]
0,first,الأول,الأولى,first,الأول,male,الأول,alive,7,,,,,,,uuid:5c3f639e-0d9d-4116-8574-b064ecc2adc7/survey/siblingsyour/brother/brotheryour_kid[2],uuid:5c3f639e-0d9d-4116-8574-b064ecc2adc7/survey/siblingsyour/brother/brotheryour_kid[2]/brotheryour_kid_questions[1]
1,second,الثاني,الثانية,second,الثاني,male,الثاني,alive,5,,,,,,,uuid:5c3f639e-0d9d-4116-8574-b064ecc2adc7/survey/siblingsyour/brother/brotheryour_kid[2],uuid:5c3f639e-0d9d-4116-8574-b064ecc2adc7/survey/siblingsyour/brother/brotheryour_kid[2]/brotheryour_kid_questions[2]
0,first,الأول,الأولى,first,الأول,female,الأولى,alive,10,,,,,,,uuid:ba5e4f40-40b5-4230-a2b3-e8c460cf2ee4/survey/siblingsyour/brother/brotheryour_kid[1],uuid:ba5e4f40-40b5-4230-a2b3-e8c460cf2ee4/survey/siblingsyour/brother/brotheryour_kid[1]/brotheryour_kid_questions[1]
1,second,الثاني,الثانية,second,الثاني,male,الثاني,deceased,,yes,2013,,0,sanaa_city,disease,uuid:ba5e4f40-40b5-4230-a2b3-e8c460cf2ee4/survey/siblingsyour/brother/brotheryour_kid[1],uuid:ba5e4f40-40b5-4230-a2b3-e8c460cf2ee4/survey/siblingsyour/brother/brotheryour_kid[1]/brotheryour_kid_questions[2]
2,third,الثالث,الثالثة,third,الثالث,male,الثالث,alive,7,,,,,,,uuid:ba5e4f40-40b5-4230-a2b3-e8c460cf2ee4/survey/siblingsyour/brother/brotheryour_kid[1],uuid:ba5e4f40-40b5-4230-a2b3-e8c460cf2ee4/survey/siblingsyour/brother/brotheryour_kid[1]/brotheryour_kid_questions[3]
