brotherspouse_kid_position,brotherspouse_kid_position_text,brotherspouse_kid_position_text_ab,brotherspouse_kid_position_text_F_ab,brotherspouse_kid_position_which,brotherspouse_kid_position_which_ab,brotherspouse_kid_gender,brotherspouse_kid_position_which_gender_ab,brotherspouse_kid_status,brotherspouse_kid_aliveage,brotherspouse_kid_yemendeceased,brotherspouse_kid_dieyear,brotherspouse_kid_diemonth,brotherspouse_kid_diedage,brotherspouse_kid_governorate,brotherspouse_kid_cod,PARENT_KEY,KEY
0,first,الأول,الأولى,first,الأول,male,الأول,alive,8,,,,,,,uuid:deb96adc-97a0-49ab-8da8-8fb6c4a0e720/survey/ifspouse/siblingsspouse/spousebrother/spousebrother_kid[1],uuid:deb96adc-97a0-49ab-8da8-8fb6c4a0e720/survey/ifspouse/siblingsspouse/spousebrother/spousebrother_kid[1]/brotherspouse_kid_questions[1]
1,second,الثاني,الثانية,second,الثاني,female,الثانية,alive,6,,,,,,,uuid:deb96adc-97a0-49ab-8da8-8fb6c4a0e720/survey/ifspouse/siblingsspouse/spousebrother/spousebrother_kid[1],uuid:deb96adc-97a0-49ab-8da8-8fb6c4a0e720/survey/ifspouse/siblingsspouse/spousebrother/spousebrother_kid[1]/brotherspouse_kid_questions[2]
0,first,الأول,الأولى,,,male,,alive,2,,,,,,,uuid:deb96adc-97a0-49ab-8da8-8fb6c4a0e720/survey/ifspouse/siblingsspouse/spousebrother/spousebrother_kid[2],uuid:deb96adc-97a0-49ab-8da8-8fb6c4a0e720/survey/ifspouse/siblingsspouse/spousebrother/spousebrother_kid[2]/brotherspouse_kid_questions[1]
0,first,الأول,الأولى,first,الأول,male,الأول,alive,16,,,,,,,uuid:64ce779e-e3e2-40eb-bf52-cddc17a6ca4d/survey/ifspouse/siblingsspouse/spousebrother/spousebrother_kid[1],uuid:64ce779e-e3e2-40eb-bf52-cddc17a6ca4d/survey/ifspouse/siblingsspouse/spousebrother/spousebrother_kid[1]/brotherspouse_kid_questions[1]
1,second,الثاني,الثانية,second,الثاني,female,الثانية,alive,14,,,,,,,uuid:64ce779e-e3e2-40eb-bf52-cddc17a6ca4d/survey/ifspouse/siblingsspouse/spousebrother/spousebrother_kid[1],uuid:64ce779e-e3e2-40eb-bf52-cddc17a6ca4d/survey/ifspouse/siblingsspouse/spousebrother/spousebrother_kid[1]/brotherspouse_kid_questions[2]
2,third,الثالث,الثالثة,third,الثالث,male,الثالث,alive,12,,,,,,,uuid:64ce779e-e3e2-40eb-bf52-cddc17a6ca4d/survey/ifspouse/siblingsspouse/spousebrother/spousebrother_kid[1],uuid:64ce779e-e3e2-40eb-bf52-cddc17a6ca4d/survey/ifspouse/siblingsspouse/spousebrother/spousebrother_kid[1]/brotherspouse_kid_questions[3]
3,fourth,الرابع,الرابعة,fourth,الرابع,male,الرابع,alive,6,,,,,,,uuid:64ce779e-e3e2-40eb-bf52-cddc17a6ca4d/survey/ifspouse/siblingsspouse/spousebrother/spousebrother_kid[1],uuid:64ce779e-e3e2-40eb-bf52-cddc17a6ca4d/survey/ifspouse/siblingsspouse/spousebrother/spousebrother_kid[1]/brotherspouse_kid_questions[4]
0,first,الأول,الأولى,first,الأول,male,الأول,alive,6,,,,,,,uuid:64ce779e-e3e2-40eb-bf52-cddc17a6ca4d/survey/ifspouse/siblingsspouse/spousebrother/spousebrother_kid[2],uuid:64ce779e-e3e2-40eb-bf52-cddc17a6ca4d/survey/ifspouse/siblingsspouse/spousebrother/spousebrother_kid[2]/brotherspouse_kid_questions[1]
1,second,الثاني,الثانية,second,الثاني,male,الثاني,alive,5,,,,,,,uuid:64ce779e-e3e2-40eb-bf52-cddc17a6ca4d/survey/ifspouse/siblingsspouse/spousebrother/spousebrother_kid[2],uuid:64ce779e-e3e2-40eb-bf52-cddc17a6ca4d/survey/ifspouse/siblingsspouse/spousebrother/spousebrother_kid[2]/brotherspouse_kid_questions[2]
2,third,الثالث,الثالثة,third,الثالث,male,الثالث,alive,0,,,,,,,uuid:64ce779e-e3e2-40eb-bf52-cddc17a6ca4d/survey/ifspouse/siblingsspouse/spousebrother/spousebrother_kid[2],uuid:64ce779e-e3e2-40eb-bf52-cddc17a6ca4d/survey/ifspouse/siblingsspouse/spousebrother/spousebrother_kid[2]/brotherspouse_kid_questions[3]
0,first,الأول,الأولى,,,male,,alive,1,,,,,,,uuid:c2abdf7f-6cfc-4509-8eaa-31e111b676b7/survey/ifspouse/siblingsspouse/spousebrother/spousebrother_kid[1],uuid:c2abdf7f-6cfc-4509-8eaa-31e111b676b7/survey/ifspouse/siblingsspouse/spousebrother/spousebrother_kid[1]/brotherspouse_kid_questions[1]
0,first,الأول,الأولى,,,male,,alive,1,,,,,,,uuid:c2abdf7f-6cfc-4509-8eaa-31e111b676b7/survey/ifspouse/siblingsspouse/spousebrother/spousebrother_kid[2],uuid:c2abdf7f-6cfc-4509-8eaa-31e111b676b7/survey/ifspouse/siblingsspouse/spousebrother/spousebrother_kid[2]/brotherspouse_kid_questions[1]
0,first,الأول,الأولى,first,الأول,female,الأولى,alive,15,,,,,,,uuid:0b9a7da8-48f4-4baf-8298-5d578fc2375e/survey/ifspouse/siblingsspouse/spousebrother/spousebrother_kid[1],uuid:0b9a7da8-48f4-4baf-8298-5d578fc2375e/survey/ifspouse/siblingsspouse/spousebrother/spousebrother_kid[1]/brotherspouse_kid_questions[1]
1,second,الثاني,الثانية,second,الثاني,female,الثانية,alive,9,,,,,,,uuid:0b9a7da8-48f4-4baf-8298-5d578fc2375e/survey/ifspouse/siblingsspouse/spousebrother/spousebrother_kid[1],uuid:0b9a7da8-48f4-4baf-8298-5d578fc2375e/survey/ifspouse/siblingsspouse/spousebrother/spousebrother_kid[1]/brotherspouse_kid_questions[2]
0,first,الأول,الأولى,first,الأول,male,الأول,alive,9,,,,,,,uuid:0b9a7da8-48f4-4baf-8298-5d578fc2375e/survey/ifspouse/siblingsspouse/spousebrother/spousebrother_kid[2],uuid:0b9a7da8-48f4-4baf-8298-5d578fc2375e/survey/ifspouse/siblingsspouse/spousebrother/spousebrother_kid[2]/brotherspouse_kid_questions[1]
1,second,الثاني,الثانية,second,الثاني,male,الثاني,alive,3,,,,,,,uuid:0b9a7da8-48f4-4baf-8298-5d578fc2375e/survey/ifspouse/siblingsspouse/spousebrother/spousebrother_kid[2],uuid:0b9a7da8-48f4-4baf-8298-5d578fc2375e/survey/ifspouse/siblingsspouse/spousebrother/spousebrother_kid[2]/brotherspouse_kid_questions[2]
0,first,الأول,الأولى,first,الأول,male,الأول,alive,20,,,,,,,uuid:fce84ea9-42b7-4c28-a8da-a4a95ec99311/survey/ifspouse/siblingsspouse/spousebrother/spousebrother_kid[1],uuid:fce84ea9-42b7-4c28-a8da-a4a95ec99311/survey/ifspouse/siblingsspouse/spousebrother/spousebrother_kid[1]/brotherspouse_kid_questions[1]
1,second,الثاني,الثانية,second,الثاني,female,الثانية,alive,15,,,,,,,uuid:fce84ea9-42b7-4c28-a8da-a4a95ec99311/survey/ifspouse/siblingsspouse/spousebrother/spousebrother_kid[1],uuid:fce84ea9-42b7-4c28-a8da-a4a95ec99311/survey/ifspouse/siblingsspouse/spousebrother/spousebrother_kid[1]/brotherspouse_kid_questions[2]
2,third,الثالث,الثالثة,third,الثالث,male,الثالث,alive,8,,,,,,,uuid:fce84ea9-42b7-4c28-a8da-a4a95ec99311/survey/ifspouse/siblingsspouse/spousebrother/spousebrother_kid[1],uuid:fce84ea9-42b7-4c28-a8da-a4a95ec99311/survey/ifspouse/siblingsspouse/spousebrother/spousebrother_kid[1]/brotherspouse_kid_questions[3]
3,fourth,الرابع,الرابعة,fourth,الرابع,male,الرابع,alive,7,,,,,,,uuid:fce84ea9-42b7-4c28-a8da-a4a95ec99311/survey/ifspouse/siblingsspouse/spousebrother/spousebrother_kid[1],uuid:fce84ea9-42b7-4c28-a8da-a4a95ec99311/survey/ifspouse/siblingsspouse/spousebrother/spousebrother_kid[1]/brotherspouse_kid_questions[4]
4,fifth,الخامس,الخامسة,fifth,الخامس,male,الخامس,alive,3,,,,,,,uuid:fce84ea9-42b7-4c28-a8da-a4a95ec99311/survey/ifspouse/siblingsspouse/spousebrother/spousebrother_kid[1],uuid:fce84ea9-42b7-4c28-a8da-a4a95ec99311/survey/ifspouse/siblingsspouse/spousebrother/spousebrother_kid[1]/brotherspouse_kid_questions[5]
0,first,الأول,الأولى,first,الأول,male,الأول,alive,27,,,,,,,uuid:d1c02ccc-c77e-47b2-a250-748785c4ab29/survey/ifspouse/siblingsspouse/spousebrother/spousebrother_kid[1],uuid:d1c02ccc-c77e-47b2-a250-748785c4ab29/survey/ifspouse/siblingsspouse/spousebrother/spousebrother_kid[1]/brotherspouse_kid_questions[1]
1,second,الثاني,الثانية,second,الثاني,female,الثانية,alive,25,,,,,,,uuid:d1c02ccc-c77e-47b2-a250-748785c4ab29/survey/ifspouse/siblingsspouse/spousebrother/spousebrother_kid[1],uuid:d1c02ccc-c77e-47b2-a250-748785c4ab29/survey/ifspouse/siblingsspouse/spousebrother/spousebrother_kid[1]/brotherspouse_kid_questions[2]
2,third,الثالث,الثالثة,third,الثالث,female,الثالثة,alive,20,,,,,,,uuid:d1c02ccc-c77e-47b2-a250-748785c4ab29/survey/ifspouse/siblingsspouse/spousebrother/spousebrother_kid[1],uuid:d1c02ccc-c77e-47b2-a250-748785c4ab29/survey/ifspouse/siblingsspouse/spousebrother/spousebrother_kid[1]/brotherspouse_kid_questions[3]
3,fourth,الرابع,الرابعة,fourth,الرابع,female,الرابعة,alive,17,,,,,,,uuid:d1c02ccc-c77e-47b2-a250-748785c4ab29/survey/ifspouse/siblingsspouse/spousebrother/spousebrother_kid[1],uuid:d1c02ccc-c77e-47b2-a250-748785c4ab29/survey/ifspouse/siblingsspouse/spousebrother/spousebrother_kid[1]/brotherspouse_kid_questions[4]
0,first,الأول,الأولى,first,الأول,male,الأول,alive,30,,,,,,,uuid:d1c02ccc-c77e-47b2-a250-748785c4ab29/survey/ifspouse/siblingsspouse/spousebrother/spousebrother_kid[2],uuid:d1c02ccc-c77e-47b2-a250-748785c4ab29/survey/ifspouse/siblingsspouse/spousebrother/spousebrother_kid[2]/brotherspouse_kid_questions[1]
1,second,الثاني,الثانية,second,الثاني,female,الثانية,alive,28,,,,,,,uuid:d1c02ccc-c77e-47b2-a250-748785c4ab29/survey/ifspouse/siblingsspouse/spousebrother/spousebrother_kid[2],uuid:d1c02ccc-c77e-47b2-a250-748785c4ab29/survey/ifspouse/siblingsspouse/spousebrother/spousebrother_kid[2]/brotherspouse_kid_questions[2]
2,third,الثالث,الثالثة,third,الثالث,female,الثالثة,alive,25,,,,,,,uuid:d1c02ccc-c77e-47b2-a250-748785c4ab29/survey/ifspouse/siblingsspouse/spousebrother/spousebrother_kid[2],uuid:d1c02ccc-c77e-47b2-a250-748785c4ab29/survey/ifspouse/siblingsspouse/spousebrother/spousebrother_kid[2]/brotherspouse_kid_questions[3]
3,fourth,الرابع,الرابعة,fourth,الرابع,female,الرابعة,alive,19,,,,,,,uuid:d1c02ccc-c77e-47b2-a250-748785c4ab29/survey/ifspouse/siblingsspouse/spousebrother/spousebrother_kid[2],uuid:d1c02ccc-c77e-47b2-a250-748785c4ab29/survey/ifspouse/siblingsspouse/spousebrother/spousebrother_kid[2]/brotherspouse_kid_questions[4]
0,first,الأول,الأولى,first,الأول,female,الأولى,alive,11,,,,,,,uuid:d1c02ccc-c77e-47b2-a250-748785c4ab29/survey/ifspouse/siblingsspouse/spousebrother/spousebrother_kid[3],uuid:d1c02ccc-c77e-47b2-a250-748785c4ab29/survey/ifspouse/siblingsspouse/spousebrother/spousebrother_kid[3]/brotherspouse_kid_questions[1]
1,second,الثاني,الثانية,second,الثاني,female,الثانية,alive,6,,,,,,,uuid:d1c02ccc-c77e-47b2-a250-748785c4ab29/survey/ifspouse/siblingsspouse/spousebrother/spousebrother_kid[3],uuid:d1c02ccc-c77e-47b2-a250-748785c4ab29/survey/ifspouse/siblingsspouse/spousebrother/spousebrother_kid[3]/brotherspouse_kid_questions[2]
0,first,الأول,الأولى,first,الأول,male,الأول,alive,21,,,,,,,uuid:fc1ff5ad-bf52-47bd-a01d-8a8aab4634e1/survey/ifspouse/siblingsspouse/spousebrother/spousebrother_kid[1],uuid:fc1ff5ad-bf52-47bd-a01d-8a8aab4634e1/survey/ifspouse/siblingsspouse/spousebrother/spousebrother_kid[1]/brotherspouse_kid_questions[1]
1,second,الثاني,الثانية,second,الثاني,male,الثاني,alive,20,,,,,,,uuid:fc1ff5ad-bf52-47bd-a01d-8a8aab4634e1/survey/ifspouse/siblingsspouse/spousebrother/spousebrother_kid[1],uuid:fc1ff5ad-bf52-47bd-a01d-8a8aab4634e1/survey/ifspouse/siblingsspouse/spousebrother/spousebrother_kid[1]/brotherspouse_kid_questions[2]
2,third,الثالث,الثالثة,third,الثالث,female,الثالثة,alive,12,,,,,,,uuid:fc1ff5ad-bf52-47bd-a01d-8a8aab4634e1/survey/ifspouse/siblingsspouse/spousebrother/spousebrother_kid[1],uuid:fc1ff5ad-bf52-47bd-a01d-8a8aab4634e1/survey/ifspouse/siblingsspouse/spousebrother/spousebrother_kid[1]/brotherspouse_kid_questions[3]
3,fourth,الرابع,الرابعة,fourth,الرابع,female,الرابعة,alive,11,,,,,,,uuid:fc1ff5ad-bf52-47bd-a01d-8a8aab4634e1/survey/ifspouse/siblingsspouse/spousebrother/spousebrother_kid[1],uuid:fc1ff5ad-bf52-47bd-a01d-8a8aab4634e1/survey/ifspouse/siblingsspouse/spousebrother/spousebrother_kid[1]/brotherspouse_kid_questions[4]
4,fifth,الخامس,الخامسة,fifth,الخامس,male,الخامس,alive,9,,,,,,,uuid:fc1ff5ad-bf52-47bd-a01d-8a8aab4634e1/survey/ifspouse/siblingsspouse/spousebrother/spousebrother_kid[1],uuid:fc1ff5ad-bf52-47bd-a01d-8a8aab4634e1/survey/ifspouse/siblingsspouse/spousebrother/spousebrother_kid[1]/brotherspouse_kid_questions[5]
0,first,الأول,الأولى,first,الأول,female,الأولى,alive,17,,,,,,,uuid:fc1ff5ad-bf52-47bd-a01d-8a8aab4634e1/survey/ifspouse/siblingsspouse/spousebrother/spousebrother_kid[2],uuid:fc1ff5ad-bf52-47bd-a01d-8a8aab4634e1/survey/ifspouse/siblingsspouse/spousebrother/spousebrother_kid[2]/brotherspouse_kid_questions[1]
1,second,الثاني,الثانية,second,الثاني,male,الثاني,alive,15,,,,,,,uuid:fc1ff5ad-bf52-47bd-a01d-8a8aab4634e1/survey/ifspouse/siblingsspouse/spousebrother/spousebrother_kid[2],uuid:fc1ff5ad-bf52-47bd-a01d-8a8aab4634e1/survey/ifspouse/siblingsspouse/spousebrother/spousebrother_kid[2]/brotherspouse_kid_questions[2]
2,third,الثالث,الثالثة,third,الثالث,female,الثالثة,alive,3,,,,,,,uuid:fc1ff5ad-bf52-47bd-a01d-8a8aab4634e1/survey/ifspouse/siblingsspouse/spousebrother/spousebrother_kid[2],uuid:fc1ff5ad-bf52-47bd-a01d-8a8aab4634e1/survey/ifspouse/siblingsspouse/spousebrother/spousebrother_kid[2]/brotherspouse_kid_questions[3]
0,first,الأول,الأولى,first,الأول,female,الأولى,alive,14,,,,,,,uuid:fc1ff5ad-bf52-47bd-a01d-8a8aab4634e1/survey/ifspouse/siblingsspouse/spousebrother/spousebrother_kid[3],uuid:fc1ff5ad-bf52-47bd-a01d-8a8aab4634e1/survey/ifspouse/siblingsspouse/spousebrother/spousebrother_kid[3]/brotherspouse_kid_questions[1]
1,second,الثاني,الثانية,second,الثاني,male,الثاني,alive,10,,,,,,,uuid:fc1ff5ad-bf52-47bd-a01d-8a8aab4634e1/survey/ifspouse/siblingsspouse/spousebrother/spousebrother_kid[3],uuid:fc1ff5ad-bf52-47bd-a01d-8a8aab4634e1/survey/ifspouse/siblingsspouse/spousebrother/spousebrother_kid[3]/brotherspouse_kid_questions[2]
2,third,الثالث,الثالثة,third,الثالث,female,الثالثة,alive,2,,,,,,,uuid:fc1ff5ad-bf52-47bd-a01d-8a8aab4634e1/survey/ifspouse/siblingsspouse/spousebrother/spousebrother_kid[3],uuid:fc1ff5ad-bf52-47bd-a01d-8a8aab4634e1/survey/ifspouse/siblingsspouse/spousebrother/spousebrother_kid[3]/brotherspouse_kid_questions[3]
0,first,الأول,الأولى,first,الأول,male,الأول,alive,6,,,,,,,uuid:fc1ff5ad-bf52-47bd-a01d-8a8aab4634e1/survey/ifspouse/siblingsspouse/spousebrother/spousebrother_kid[4],uuid:fc1ff5ad-bf52-47bd-a01d-8a8aab4634e1/survey/ifspouse/siblingsspouse/spousebrother/spousebrother_kid[4]/brotherspouse_kid_questions[1]
1,second,الثاني,الثانية,second,الثاني,male,الثاني,alive,4,,,,,,,uuid:fc1ff5ad-bf52-47bd-a01d-8a8aab4634e1/survey/ifspouse/siblingsspouse/spousebrother/spousebrother_kid[4],uuid:fc1ff5ad-bf52-47bd-a01d-8a8aab4634e1/survey/ifspouse/siblingsspouse/spousebrother/spousebrother_kid[4]/brotherspouse_kid_questions[2]
0,first,الأول,الأولى,first,الأول,female,الأولى,alive,22,,,,,,,uuid:677c453a-550f-4072-bc30-37f42ac6963f/survey/ifspouse/siblingsspouse/spousebrother/spousebrother_kid[1],uuid:677c453a-550f-4072-bc30-37f42ac6963f/survey/ifspouse/siblingsspouse/spousebrother/spousebrother_kid[1]/brotherspouse_kid_questions[1]
1,second,الثاني,الثانية,second,الثاني,male,الثاني,alive,20,,,,,,,uuid:677c453a-550f-4072-bc30-37f42ac6963f/survey/ifspouse/siblingsspouse/spousebrother/spousebrother_kid[1],uuid:677c453a-550f-4072-bc30-37f42ac6963f/survey/ifspouse/siblingsspouse/spousebrother/spousebrother_kid[1]/brotherspouse_kid_questions[2]
0,first,الأول,الأولى,first,الأول,female,الأولى,alive,16,,,,,,,uuid:677c453a-550f-4072-bc30-37f42ac6963f/survey/ifspouse/siblingsspouse/spousebrother/spousebrother_kid[2],uuid:677c453a-550f-4072-bc30-37f42ac6963f/survey/ifspouse/siblingsspouse/spousebrother/spousebrother_kid[2]/brotherspouse_kid_questions[1]
1,second,الثاني,الثانية,second,الثاني,male,الثاني,alive,10,,,,,,,uuid:677c453a-550f-4072-bc30-37f42ac6963f/survey/ifspouse/siblingsspouse/spousebrother/spousebrother_kid[2],uuid:677c453a-550f-4072-bc30-37f42ac6963f/survey/ifspouse/siblingsspouse/spousebrother/spousebrother_kid[2]/brotherspouse_kid_questions[2]
0,first,الأول,الأولى,first,الأول,female,الأولى,alive,20,,,,,,,uuid:677c453a-550f-4072-bc30-37f42ac6963f/survey/ifspouse/siblingsspouse/spousebrother/spousebrother_kid[3],uuid:677c453a-550f-4072-bc30-37f42ac6963f/survey/ifspouse/siblingsspouse/spousebrother/spousebrother_kid[3]/brotherspouse_kid_questions[1]
1,second,الثاني,الثانية,second,الثاني,female,الثانية,alive,6,,,,,,,uuid:677c453a-550f-4072-bc30-37f42ac6963f/survey/ifspouse/siblingsspouse/spousebrother/spousebrother_kid[3],uuid:677c453a-550f-4072-bc30-37f42ac6963f/survey/ifspouse/siblingsspouse/spousebrother/spousebrother_kid[3]/brotherspouse_kid_questions[2]
0,first,الأول,الأولى,,,male,,alive,20,,,,,,,uuid:677c453a-550f-4072-bc30-37f42ac6963f/survey/ifspouse/siblingsspouse/spousebrother/spousebrother_kid[4],uuid:677c453a-550f-4072-bc30-37f42ac6963f/survey/ifspouse/siblingsspouse/spousebrother/spousebrother_kid[4]/brotherspouse_kid_questions[1]
0,first,الأول,الأولى,first,الأول,male,الأول,alive,15,,,,,,,uuid:fdb8ecbb-73e0-4668-b6b2-e920663ac7d3/survey/ifspouse/siblingsspouse/spousebrother/spousebrother_kid[1],uuid:fdb8ecbb-73e0-4668-b6b2-e920663ac7d3/survey/ifspouse/siblingsspouse/spousebrother/spousebrother_kid[1]/brotherspouse_kid_questions[1]
1,second,الثاني,الثانية,second,الثاني,female,الثانية,alive,13,,,,,,,uuid:fdb8ecbb-73e0-4668-b6b2-e920663ac7d3/survey/ifspouse/siblingsspouse/spousebrother/spousebrother_kid[1],uuid:fdb8ecbb-73e0-4668-b6b2-e920663ac7d3/survey/ifspouse/siblingsspouse/spousebrother/spousebrother_kid[1]/brotherspouse_kid_questions[2]
2,third,الثالث,الثالثة,third,الثالث,male,الثالث,alive,10,,,,,,,uuid:fdb8ecbb-73e0-4668-b6b2-e920663ac7d3/survey/ifspouse/siblingsspouse/spousebrother/spousebrother_kid[1],uuid:fdb8ecbb-73e0-4668-b6b2-e920663ac7d3/survey/ifspouse/siblingsspouse/spousebrother/spousebrother_kid[1]/brotherspouse_kid_questions[3]
0,first,الأول,الأولى,,,female,,alive,1,,,,,,,uuid:fdb8ecbb-73e0-4668-b6b2-e920663ac7d3/survey/ifspouse/siblingsspouse/spousebrother/spousebrother_kid[3],uuid:fdb8ecbb-73e0-4668-b6b2-e920663ac7d3/survey/ifspouse/siblingsspouse/spousebrother/spousebrother_kid[3]/brotherspouse_kid_questions[1]
0,first,الأول,الأولى,first,الأول,male,الأول,alive,3,,,,,,,uuid:932fd64c-8927-4f79-b578-c522c9096d5e/survey/ifspouse/siblingsspouse/spousebrother/spousebrother_kid[1],uuid:932fd64c-8927-4f79-b578-c522c9096d5e/survey/ifspouse/siblingsspouse/spousebrother/spousebrother_kid[1]/brotherspouse_kid_questions[1]
1,second,الثاني,الثانية,second,الثاني,male,الثاني,alive,0,,,,,,,uuid:932fd64c-8927-4f79-b578-c522c9096d5e/survey/ifspouse/siblingsspouse/spousebrother/spousebrother_kid[1],uuid:932fd64c-8927-4f79-b578-c522c9096d5e/survey/ifspouse/siblingsspouse/spousebrother/spousebrother_kid[1]/brotherspouse_kid_questions[2]
0,first,الأول,الأولى,,,male,,alive,2,,,,,,,uuid:932fd64c-8927-4f79-b578-c522c9096d5e/survey/ifspouse/siblingsspouse/spousebrother/spousebrother_kid[2],uuid:932fd64c-8927-4f79-b578-c522c9096d5e/survey/ifspouse/siblingsspouse/spousebrother/spousebrother_kid[2]/brotherspouse_kid_questions[1]
0,first,الأول,الأولى,first,الأول,female,الأولى,alive,8,,,,,,,uuid:071d8356-de47-4764-bcdf-79daae409d8e/survey/ifspouse/siblingsspouse/spousebrother/spousebrother_kid[1],uuid:071d8356-de47-4764-bcdf-79daae409d8e/survey/ifspouse/siblingsspouse/spousebrother/spousebrother_kid[1]/brotherspouse_kid_questions[1]
1,second,الثاني,الثانية,second,الثاني,female,الثانية,alive,8,,,,,,,uuid:071d8356-de47-4764-bcdf-79daae409d8e/survey/ifspouse/siblingsspouse/spousebrother/spousebrother_kid[1],uuid:071d8356-de47-4764-bcdf-79daae409d8e/survey/ifspouse/siblingsspouse/spousebrother/spousebrother_kid[1]/brotherspouse_kid_questions[2]
2,third,الثالث,الثالثة,third,الثالث,male,الثالث,alive,5,,,,,,,uuid:071d8356-de47-4764-bcdf-79daae409d8e/survey/ifspouse/siblingsspouse/spousebrother/spousebrother_kid[1],uuid:071d8356-de47-4764-bcdf-79daae409d8e/survey/ifspouse/siblingsspouse/spousebrother/spousebrother_kid[1]/brotherspouse_kid_questions[3]
3,fourth,الرابع,الرابعة,fourth,الرابع,female,الرابعة,alive,2,,,,,,,uuid:071d8356-de47-4764-bcdf-79daae409d8e/survey/ifspouse/siblingsspouse/spousebrother/spousebrother_kid[1],uuid:071d8356-de47-4764-bcdf-79daae409d8e/survey/ifspouse/siblingsspouse/spousebrother/spousebrother_kid[1]/brotherspouse_kid_questions[4]
0,first,الأول,الأولى,,,female,,unknown,,,,,,,,uuid:2d08ccf5-9ffb-4822-aab6-eef438c3dd95/survey/ifspouse/siblingsspouse/spousebrother/spousebrother_kid[1],uuid:2d08ccf5-9ffb-4822-aab6-eef438c3dd95/survey/ifspouse/siblingsspouse/spousebrother/spousebrother_kid[1]/brotherspouse_kid_questions[1]
0,first,الأول,الأولى,first,الأول,female,الأولى,alive,6,,,,,,,uuid:e3da7454-f609-4503-b800-6a8830fc65e0/survey/ifspouse/siblingsspouse/spousebrother/spousebrother_kid[3],uuid:e3da7454-f609-4503-b800-6a8830fc65e0/survey/ifspouse/siblingsspouse/spousebrother/spousebrother_kid[3]/brotherspouse_kid_questions[1]
1,second,الثاني,الثانية,second,الثاني,male,الثاني,alive,3,,,,,,,uuid:e3da7454-f609-4503-b800-6a8830fc65e0/survey/ifspouse/siblingsspouse/spousebrother/spousebrother_kid[3],uuid:e3da7454-f609-4503-b800-6a8830fc65e0/survey/ifspouse/siblingsspouse/spousebrother/spousebrother_kid[3]/brotherspouse_kid_questions[2]
2,third,الثالث,الثالثة,third,الثالث,female,الثالثة,alive,1,,,,,,,uuid:e3da7454-f609-4503-b800-6a8830fc65e0/survey/ifspouse/siblingsspouse/spousebrother/spousebrother_kid[3],uuid:e3da7454-f609-4503-b800-6a8830fc65e0/survey/ifspouse/siblingsspouse/spousebrother/spousebrother_kid[3]/brotherspouse_kid_questions[3]
0,first,الأول,الأولى,,,female,,alive,3,,,,,,,uuid:8d891139-6a98-4395-84ad-d0f55dfb3502/survey/ifspouse/siblingsspouse/spousebrother/spousebrother_kid[1],uuid:8d891139-6a98-4395-84ad-d0f55dfb3502/survey/ifspouse/siblingsspouse/spousebrother/spousebrother_kid[1]/brotherspouse_kid_questions[1]
0,first,الأول,الأولى,first,الأول,male,الأول,alive,56,,,,,,,uuid:8d891139-6a98-4395-84ad-d0f55dfb3502/survey/ifspouse/siblingsspouse/spousebrother/spousebrother_kid[2],uuid:8d891139-6a98-4395-84ad-d0f55dfb3502/survey/ifspouse/siblingsspouse/spousebrother/spousebrother_kid[2]/brotherspouse_kid_questions[1]
1,second,الثاني,الثانية,second,الثاني,male,الثاني,alive,4,,,,,,,uuid:8d891139-6a98-4395-84ad-d0f55dfb3502/survey/ifspouse/siblingsspouse/spousebrother/spousebrother_kid[2],uuid:8d891139-6a98-4395-84ad-d0f55dfb3502/survey/ifspouse/siblingsspouse/spousebrother/spousebrother_kid[2]/brotherspouse_kid_questions[2]
2,third,الثالث,الثالثة,third,الثالث,male,الثالث,alive,0,,,,,,,uuid:8d891139-6a98-4395-84ad-d0f55dfb3502/survey/ifspouse/siblingsspouse/spousebrother/spousebrother_kid[2],uuid:8d891139-6a98-4395-84ad-d0f55dfb3502/survey/ifspouse/siblingsspouse/spousebrother/spousebrother_kid[2]/brotherspouse_kid_questions[3]
0,first,الأول,الأولى,,,male,,alive,1,,,,,,,uuid:d80497c8-1231-4a9e-a2cc-e13a81d309df/survey/ifspouse/siblingsspouse/spousebrother/spousebrother_kid[1],uuid:d80497c8-1231-4a9e-a2cc-e13a81d309df/survey/ifspouse/siblingsspouse/spousebrother/spousebrother_kid[1]/brotherspouse_kid_questions[1]
0,first,الأول,الأولى,first,الأول,male,الأول,alive,33,,,,,,,uuid:aa7b20e6-fab7-43db-ae65-3642c93b3280/survey/ifspouse/siblingsspouse/spousebrother/spousebrother_kid[1],uuid:aa7b20e6-fab7-43db-ae65-3642c93b3280/survey/ifspouse/siblingsspouse/spousebrother/spousebrother_kid[1]/brotherspouse_kid_questions[1]
1,second,الثاني,الثانية,second,الثاني,male,الثاني,alive,30,,,,,,,uuid:aa7b20e6-fab7-43db-ae65-3642c93b3280/survey/ifspouse/siblingsspouse/spousebrother/spousebrother_kid[1],uuid:aa7b20e6-fab7-43db-ae65-3642c93b3280/survey/ifspouse/siblingsspouse/spousebrother/spousebrother_kid[1]/brotherspouse_kid_questions[2]
2,third,الثالث,الثالثة,third,الثالث,male,الثالث,alive,28,,,,,,,uuid:aa7b20e6-fab7-43db-ae65-3642c93b3280/survey/ifspouse/siblingsspouse/spousebrother/spousebrother_kid[1],uuid:aa7b20e6-fab7-43db-ae65-3642c93b3280/survey/ifspouse/siblingsspouse/spousebrother/spousebrother_kid[1]/brotherspouse_kid_questions[3]
3,fourth,الرابع,الرابعة,fourth,الرابع,female,الرابعة,alive,26,,,,,,,uuid:aa7b20e6-fab7-43db-ae65-3642c93b3280/survey/ifspouse/siblingsspouse/spousebrother/spousebrother_kid[1],uuid:aa7b20e6-fab7-43db-ae65-3642c93b3280/survey/ifspouse/siblingsspouse/spousebrother/spousebrother_kid[1]/brotherspouse_kid_questions[4]
0,first,الأول,الأولى,first,الأول,female,الأولى,alive,40,,,,,,,uuid:aa7b20e6-fab7-43db-ae65-3642c93b3280/survey/ifspouse/siblingsspouse/spousebrother/spousebrother_kid[2],uuid:aa7b20e6-fab7-43db-ae65-3642c93b3280/survey/ifspouse/siblingsspouse/spousebrother/spousebrother_kid[2]/brotherspouse_kid_questions[1]
1,second,الثاني,الثانية,second,الثاني,female,الثانية,alive,38,,,,,,,uuid:aa7b20e6-fab7-43db-ae65-3642c93b3280/survey/ifspouse/siblingsspouse/spousebrother/spousebrother_kid[2],uuid:aa7b20e6-fab7-43db-ae65-3642c93b3280/survey/ifspouse/siblingsspouse/spousebrother/spousebrother_kid[2]/brotherspouse_kid_questions[2]
2,third,الثالث,الثالثة,third,الثالث,female,الثالثة,alive,35,,,,,,,uuid:aa7b20e6-fab7-43db-ae65-3642c93b3280/survey/ifspouse/siblingsspouse/spousebrother/spousebrother_kid[2],uuid:aa7b20e6-fab7-43db-ae65-3642c93b3280/survey/ifspouse/siblingsspouse/spousebrother/spousebrother_kid[2]/brotherspouse_kid_questions[3]
3,fourth,الرابع,الرابعة,fourth,الرابع,male,الرابع,alive,25,,,,,,,uuid:aa7b20e6-fab7-43db-ae65-3642c93b3280/survey/ifspouse/siblingsspouse/spousebrother/spousebrother_kid[2],uuid:aa7b20e6-fab7-43db-ae65-3642c93b3280/survey/ifspouse/siblingsspouse/spousebrother/spousebrother_kid[2]/brotherspouse_kid_questions[4]
4,fifth,الخامس,الخامسة,fifth,الخامس,female,الخامسة,alive,11,,,,,,,uuid:aa7b20e6-fab7-43db-ae65-3642c93b3280/survey/ifspouse/siblingsspouse/spousebrother/spousebrother_kid[2],uuid:aa7b20e6-fab7-43db-ae65-3642c93b3280/survey/ifspouse/siblingsspouse/spousebrother/spousebrother_kid[2]/brotherspouse_kid_questions[5]
5,sixth,السادس,السادسة,sixth,السادس,female,السادسة,alive,4,,,,,,,uuid:aa7b20e6-fab7-43db-ae65-3642c93b3280/survey/ifspouse/siblingsspouse/spousebrother/spousebrother_kid[2],uuid:aa7b20e6-fab7-43db-ae65-3642c93b3280/survey/ifspouse/siblingsspouse/spousebrother/spousebrother_kid[2]/brotherspouse_kid_questions[6]
0,first,الأول,الأولى,first,الأول,female,الأولى,alive,30,,,,,,,uuid:aa7b20e6-fab7-43db-ae65-3642c93b3280/survey/ifspouse/siblingsspouse/spousebrother/spousebrother_kid[3],uuid:aa7b20e6-fab7-43db-ae65-3642c93b3280/survey/ifspouse/siblingsspouse/spousebrother/spousebrother_kid[3]/brotherspouse_kid_questions[1]
1,second,الثاني,الثانية,second,الثاني,female,الثانية,alive,15,,,,,,,uuid:aa7b20e6-fab7-43db-ae65-3642c93b3280/survey/ifspouse/siblingsspouse/spousebrother/spousebrother_kid[3],uuid:aa7b20e6-fab7-43db-ae65-3642c93b3280/survey/ifspouse/siblingsspouse/spousebrother/spousebrother_kid[3]/brotherspouse_kid_questions[2]
0,first,الأول,الأولى,,,female,,alive,20,,,,,,,uuid:aa7b20e6-fab7-43db-ae65-3642c93b3280/survey/ifspouse/siblingsspouse/spousebrother/spousebrother_kid[4],uuid:aa7b20e6-fab7-43db-ae65-3642c93b3280/survey/ifspouse/siblingsspouse/spousebrother/spousebrother_kid[4]/brotherspouse_kid_questions[1]
0,first,الأول,الأولى,first,الأول,female,الأولى,alive,12,,,,,,,uuid:49fb5af5-29dc-404a-a403-3aadd4ae4510/survey/ifspouse/siblingsspouse/spousebrother/spousebrother_kid[1],uuid:49fb5af5-29dc-404a-a403-3aadd4ae4510/survey/ifspouse/siblingsspouse/spousebrother/spousebrother_kid[1]/brotherspouse_kid_questions[1]
1,second,الثاني,الثانية,second,الثاني,male,الثاني,alive,11,,,,,,,uuid:49fb5af5-29dc-404a-a403-3aadd4ae4510/survey/ifspouse/siblingsspouse/spousebrother/spousebrother_kid[1],uuid:49fb5af5-29dc-404a-a403-3aadd4ae4510/survey/ifspouse/siblingsspouse/spousebrother/spousebrother_kid[1]/brotherspouse_kid_questions[2]
0,first,الأول,الأولى,first,الأول,female,الأولى,alive,30,,,,,,,uuid:431737a6-830c-44ff-abaf-370d849bcee3/survey/ifspouse/siblingsspouse/spousebrother/spousebrother_kid[1],uuid:431737a6-830c-44ff-abaf-370d849bcee3/survey/ifspouse/siblingsspouse/spousebrother/spousebrother_kid[1]/brotherspouse_kid_questions[1]
1,second,الثاني,الثانية,second,الثاني,female,الثانية,alive,26,,,,,,,uuid:431737a6-830c-44ff-abaf-370d849bcee3/survey/ifspouse/siblingsspouse/spousebrother/spousebrother_kid[1],uuid:431737a6-830c-44ff-abaf-370d849bcee3/survey/ifspouse/siblingsspouse/spousebrother/spousebrother_kid[1]/brotherspouse_kid_questions[2]
2,third,الثالث,الثالثة,third,الثالث,male,الثالث,alive,18,,,,,,,uuid:431737a6-830c-44ff-abaf-370d849bcee3/survey/ifspouse/siblingsspouse/spousebrother/spousebrother_kid[1],uuid:431737a6-830c-44ff-abaf-370d849bcee3/survey/ifspouse/siblingsspouse/spousebrother/spousebrother_kid[1]/brotherspouse_kid_questions[3]
3,fourth,الرابع,الرابعة,fourth,الرابع,female,الرابعة,alive,14,,,,,,,uuid:431737a6-830c-44ff-abaf-370d849bcee3/survey/ifspouse/siblingsspouse/spousebrother/spousebrother_kid[1],uuid:431737a6-830c-44ff-abaf-370d849bcee3/survey/ifspouse/siblingsspouse/spousebrother/spousebrother_kid[1]/brotherspouse_kid_questions[4]
4,fifth,الخامس,الخامسة,fifth,الخامس,female,الخامسة,alive,10,,,,,,,uuid:431737a6-830c-44ff-abaf-370d849bcee3/survey/ifspouse/siblingsspouse/spousebrother/spousebrother_kid[1],uuid:431737a6-830c-44ff-abaf-370d849bcee3/survey/ifspouse/siblingsspouse/spousebrother/spousebrother_kid[1]/brotherspouse_kid_questions[5]
5,sixth,السادس,السادسة,sixth,السادس,female,السادسة,alive,6,,,,,,,uuid:431737a6-830c-44ff-abaf-370d849bcee3/survey/ifspouse/siblingsspouse/spousebrother/spousebrother_kid[1],uuid:431737a6-830c-44ff-abaf-370d849bcee3/survey/ifspouse/siblingsspouse/spousebrother/spousebrother_kid[1]/brotherspouse_kid_questions[6]
6,seventh,السابع,السابعة,seventh,السابع,male,السابع,alive,2,,,,,,,uuid:431737a6-830c-44ff-abaf-370d849bcee3/survey/ifspouse/siblingsspouse/spousebrother/spousebrother_kid[1],uuid:431737a6-830c-44ff-abaf-370d849bcee3/survey/ifspouse/siblingsspouse/spousebrother/spousebrother_kid[1]/brotherspouse_kid_questions[7]
0,first,الأول,الأولى,first,الأول,female,الأولى,alive,23,,,,,,,uuid:431737a6-830c-44ff-abaf-370d849bcee3/survey/ifspouse/siblingsspouse/spousebrother/spousebrother_kid[2],uuid:431737a6-830c-44ff-abaf-370d849bcee3/survey/ifspouse/siblingsspouse/spousebrother/spousebrother_kid[2]/brotherspouse_kid_questions[1]
1,second,الثاني,الثانية,second,الثاني,male,الثاني,alive,17,,,,,,,uuid:431737a6-830c-44ff-abaf-370d849bcee3/survey/ifspouse/siblingsspouse/spousebrother/spousebrother_kid[2],uuid:431737a6-830c-44ff-abaf-370d849bcee3/survey/ifspouse/siblingsspouse/spousebrother/spousebrother_kid[2]/brotherspouse_kid_questions[2]
2,third,الثالث,الثالثة,third,الثالث,female,الثالثة,alive,14,,,,,,,uuid:431737a6-830c-44ff-abaf-370d849bcee3/survey/ifspouse/siblingsspouse/spousebrother/spousebrother_kid[2],uuid:431737a6-830c-44ff-abaf-370d849bcee3/survey/ifspouse/siblingsspouse/spousebrother/spousebrother_kid[2]/brotherspouse_kid_questions[3]
3,fourth,الرابع,الرابعة,fourth,الرابع,female,الرابعة,alive,11,,,,,,,uuid:431737a6-830c-44ff-abaf-370d849bcee3/survey/ifspouse/siblingsspouse/spousebrother/spousebrother_kid[2],uuid:431737a6-830c-44ff-abaf-370d849bcee3/survey/ifspouse/siblingsspouse/spousebrother/spousebrother_kid[2]/brotherspouse_kid_questions[4]
4,fifth,الخامس,الخامسة,fifth,الخامس,female,الخامسة,alive,9,,,,,,,uuid:431737a6-830c-44ff-abaf-370d849bcee3/survey/ifspouse/siblingsspouse/spousebrother/spousebrother_kid[2],uuid:431737a6-830c-44ff-abaf-370d849bcee3/survey/ifspouse/siblingsspouse/spousebrother/spousebrother_kid[2]/brotherspouse_kid_questions[5]
5,sixth,السادس,السادسة,sixth,السادس,male,السادس,alive,2,,,,,,,uuid:431737a6-830c-44ff-abaf-370d849bcee3/survey/ifspouse/siblingsspouse/spousebrother/spousebrother_kid[2],uuid:431737a6-830c-44ff-abaf-370d849bcee3/survey/ifspouse/siblingsspouse/spousebrother/spousebrother_kid[2]/brotherspouse_kid_questions[6]
0,first,الأول,الأولى,first,الأول,male,الأول,alive,14,,,,,,,uuid:431737a6-830c-44ff-abaf-370d849bcee3/survey/ifspouse/siblingsspouse/spousebrother/spousebrother_kid[3],uuid:431737a6-830c-44ff-abaf-370d849bcee3/survey/ifspouse/siblingsspouse/spousebrother/spousebrother_kid[3]/brotherspouse_kid_questions[1]
1,second,الثاني,الثانية,second,الثاني,female,الثانية,alive,3,,,,,,,uuid:431737a6-830c-44ff-abaf-370d849bcee3/survey/ifspouse/siblingsspouse/spousebrother/spousebrother_kid[3],uuid:431737a6-830c-44ff-abaf-370d849bcee3/survey/ifspouse/siblingsspouse/spousebrother/spousebrother_kid[3]/brotherspouse_kid_questions[2]
2,third,الثالث,الثالثة,third,الثالث,female,الثالثة,alive,1,,,,,,,uuid:431737a6-830c-44ff-abaf-370d849bcee3/survey/ifspouse/siblingsspouse/spousebrother/spousebrother_kid[3],uuid:431737a6-830c-44ff-abaf-370d849bcee3/survey/ifspouse/siblingsspouse/spousebrother/spousebrother_kid[3]/brotherspouse_kid_questions[3]
0,first,الأول,الأولى,first,الأول,female,الأولى,alive,14,,,,,,,uuid:a5632601-e3d9-41ab-b1ee-ae2250cfa4a4/survey/ifspouse/siblingsspouse/spousebrother/spousebrother_kid[1],uuid:a5632601-e3d9-41ab-b1ee-ae2250cfa4a4/survey/ifspouse/siblingsspouse/spousebrother/spousebrother_kid[1]/brotherspouse_kid_questions[1]
1,second,الثاني,الثانية,second,الثاني,male,الثاني,alive,11,,,,,,,uuid:a5632601-e3d9-41ab-b1ee-ae2250cfa4a4/survey/ifspouse/siblingsspouse/spousebrother/spousebrother_kid[1],uuid:a5632601-e3d9-41ab-b1ee-ae2250cfa4a4/survey/ifspouse/siblingsspouse/spousebrother/spousebrother_kid[1]/brotherspouse_kid_questions[2]
2,third,الثالث,الثالثة,third,الثالث,female,الثالثة,alive,9,,,,,,,uuid:a5632601-e3d9-41ab-b1ee-ae2250cfa4a4/survey/ifspouse/siblingsspouse/spousebrother/spousebrother_kid[1],uuid:a5632601-e3d9-41ab-b1ee-ae2250cfa4a4/survey/ifspouse/siblingsspouse/spousebrother/spousebrother_kid[1]/brotherspouse_kid_questions[3]
3,fourth,الرابع,الرابعة,fourth,الرابع,female,الرابعة,alive,9,,,,,,,uuid:a5632601-e3d9-41ab-b1ee-ae2250cfa4a4/survey/ifspouse/siblingsspouse/spousebrother/spousebrother_kid[1],uuid:a5632601-e3d9-41ab-b1ee-ae2250cfa4a4/survey/ifspouse/siblingsspouse/spousebrother/spousebrother_kid[1]/brotherspouse_kid_questions[4]
0,first,الأول,الأولى,first,الأول,female,الأولى,alive,8,,,,,,,uuid:a5632601-e3d9-41ab-b1ee-ae2250cfa4a4/survey/ifspouse/siblingsspouse/spousebrother/spousebrother_kid[2],uuid:a5632601-e3d9-41ab-b1ee-ae2250cfa4a4/survey/ifspouse/siblingsspouse/spousebrother/spousebrother_kid[2]/brotherspouse_kid_questions[1]
1,second,الثاني,الثانية,second,الثاني,male,الثاني,alive,2,,,,,,,uuid:a5632601-e3d9-41ab-b1ee-ae2250cfa4a4/survey/ifspouse/siblingsspouse/spousebrother/spousebrother_kid[2],uuid:a5632601-e3d9-41ab-b1ee-ae2250cfa4a4/survey/ifspouse/siblingsspouse/spousebrother/spousebrother_kid[2]/brotherspouse_kid_questions[2]
0,first,الأول,الأولى,first,الأول,male,الأول,alive,4,,,,,,,uuid:033c8225-e861-4d68-b9d3-27f574f96a14/survey/ifspouse/siblingsspouse/spousebrother/spousebrother_kid[1],uuid:033c8225-e861-4d68-b9d3-27f574f96a14/survey/ifspouse/siblingsspouse/spousebrother/spousebrother_kid[1]/brotherspouse_kid_questions[1]
1,second,الثاني,الثانية,second,الثاني,female,الثانية,alive,2,,,,,,,uuid:033c8225-e861-4d68-b9d3-27f574f96a14/survey/ifspouse/siblingsspouse/spousebrother/spousebrother_kid[1],uuid:033c8225-e861-4d68-b9d3-27f574f96a14/survey/ifspouse/siblingsspouse/spousebrother/spousebrother_kid[1]/brotherspouse_kid_questions[2]
0,first,الأول,الأولى,first,الأول,male,الأول,deceased,,yes,2014,,18,ibb,injury_intentional,uuid:7fb72d12-347f-494d-890e-d34efea88964/survey/ifspouse/siblingsspouse/spousebrother/spousebrother_kid[1],uuid:7fb72d12-347f-494d-890e-d34efea88964/survey/ifspouse/siblingsspouse/spousebrother/spousebrother_kid[1]/brotherspouse_kid_questions[1]
1,second,الثاني,الثانية,second,الثاني,male,الثاني,alive,25,,,,,,,uuid:7fb72d12-347f-494d-890e-d34efea88964/survey/ifspouse/siblingsspouse/spousebrother/spousebrother_kid[1],uuid:7fb72d12-347f-494d-890e-d34efea88964/survey/ifspouse/siblingsspouse/spousebrother/spousebrother_kid[1]/brotherspouse_kid_questions[2]
2,third,الثالث,الثالثة,third,الثالث,male,الثالث,alive,23,,,,,,,uuid:7fb72d12-347f-494d-890e-d34efea88964/survey/ifspouse/siblingsspouse/spousebrother/spousebrother_kid[1],uuid:7fb72d12-347f-494d-890e-d34efea88964/survey/ifspouse/siblingsspouse/spousebrother/spousebrother_kid[1]/brotherspouse_kid_questions[3]
3,fourth,الرابع,الرابعة,fourth,الرابع,female,الرابعة,alive,20,,,,,,,uuid:7fb72d12-347f-494d-890e-d34efea88964/survey/ifspouse/siblingsspouse/spousebrother/spousebrother_kid[1],uuid:7fb72d12-347f-494d-890e-d34efea88964/survey/ifspouse/siblingsspouse/spousebrother/spousebrother_kid[1]/brotherspouse_kid_questions[4]
4,fifth,الخامس,الخامسة,fifth,الخامس,female,الخامسة,alive,17,,,,,,,uuid:7fb72d12-347f-494d-890e-d34efea88964/survey/ifspouse/siblingsspouse/spousebrother/spousebrother_kid[1],uuid:7fb72d12-347f-494d-890e-d34efea88964/survey/ifspouse/siblingsspouse/spousebrother/spousebrother_kid[1]/brotherspouse_kid_questions[5]
5,sixth,السادس,السادسة,sixth,السادس,female,السادسة,alive,15,,,,,,,uuid:7fb72d12-347f-494d-890e-d34efea88964/survey/ifspouse/siblingsspouse/spousebrother/spousebrother_kid[1],uuid:7fb72d12-347f-494d-890e-d34efea88964/survey/ifspouse/siblingsspouse/spousebrother/spousebrother_kid[1]/brotherspouse_kid_questions[6]
6,seventh,السابع,السابعة,seventh,السابع,male,السابع,alive,13,,,,,,,uuid:7fb72d12-347f-494d-890e-d34efea88964/survey/ifspouse/siblingsspouse/spousebrother/spousebrother_kid[1],uuid:7fb72d12-347f-494d-890e-d34efea88964/survey/ifspouse/siblingsspouse/spousebrother/spousebrother_kid[1]/brotherspouse_kid_questions[7]
0,first,الأول,الأولى,first,الأول,female,الأولى,alive,20,,,,,,,uuid:7fb72d12-347f-494d-890e-d34efea88964/survey/ifspouse/siblingsspouse/spousebrother/spousebrother_kid[3],uuid:7fb72d12-347f-494d-890e-d34efea88964/survey/ifspouse/siblingsspouse/spousebrother/spousebrother_kid[3]/brotherspouse_kid_questions[1]
1,second,الثاني,الثانية,second,الثاني,male,الثاني,alive,18,,,,,,,uuid:7fb72d12-347f-494d-890e-d34efea88964/survey/ifspouse/siblingsspouse/spousebrother/spousebrother_kid[3],uuid:7fb72d12-347f-494d-890e-d34efea88964/survey/ifspouse/siblingsspouse/spousebrother/spousebrother_kid[3]/brotherspouse_kid_questions[2]
2,third,الثالث,الثالثة,third,الثالث,female,الثالثة,alive,15,,,,,,,uuid:7fb72d12-347f-494d-890e-d34efea88964/survey/ifspouse/siblingsspouse/spousebrother/spousebrother_kid[3],uuid:7fb72d12-347f-494d-890e-d34efea88964/survey/ifspouse/siblingsspouse/spousebrother/spousebrother_kid[3]/brotherspouse_kid_questions[3]
3,fourth,الرابع,الرابعة,fourth,الرابع,female,الرابعة,alive,13,,,,,,,uuid:7fb72d12-347f-494d-890e-d34efea88964/survey/ifspouse/siblingsspouse/spousebrother/spousebrother_kid[3],uuid:7fb72d12-347f-494d-890e-d34efea88964/survey/ifspouse/siblingsspouse/spousebrother/spousebrother_kid[3]/brotherspouse_kid_questions[4]
4,fifth,الخامس,الخامسة,fifth,الخامس,male,الخامس,alive,10,,,,,,,uuid:7fb72d12-347f-494d-890e-d34efea88964/survey/ifspouse/siblingsspouse/spousebrother/spousebrother_kid[3],uuid:7fb72d12-347f-494d-890e-d34efea88964/survey/ifspouse/siblingsspouse/spousebrother/spousebrother_kid[3]/brotherspouse_kid_questions[5]
0,first,الأول,الأولى,first,الأول,male,الأول,alive,15,,,,,,,uuid:7fb72d12-347f-494d-890e-d34efea88964/survey/ifspouse/siblingsspouse/spousebrother/spousebrother_kid[4],uuid:7fb72d12-347f-494d-890e-d34efea88964/survey/ifspouse/siblingsspouse/spousebrother/spousebrother_kid[4]/brotherspouse_kid_questions[1]
1,second,الثاني,الثانية,second,الثاني,female,الثانية,alive,13,,,,,,,uuid:7fb72d12-347f-494d-890e-d34efea88964/survey/ifspouse/siblingsspouse/spousebrother/spousebrother_kid[4],uuid:7fb72d12-347f-494d-890e-d34efea88964/survey/ifspouse/siblingsspouse/spousebrother/spousebrother_kid[4]/brotherspouse_kid_questions[2]
2,third,الثالث,الثالثة,third,الثالث,female,الثالثة,alive,11,,,,,,,uuid:7fb72d12-347f-494d-890e-d34efea88964/survey/ifspouse/siblingsspouse/spousebrother/spousebrother_kid[4],uuid:7fb72d12-347f-494d-890e-d34efea88964/survey/ifspouse/siblingsspouse/spousebrother/spousebrother_kid[4]/brotherspouse_kid_questions[3]
3,fourth,الرابع,الرابعة,fourth,الرابع,female,الرابعة,alive,8,,,,,,,uuid:7fb72d12-347f-494d-890e-d34efea88964/survey/ifspouse/siblingsspouse/spousebrother/spousebrother_kid[4],uuid:7fb72d12-347f-494d-890e-d34efea88964/survey/ifspouse/siblingsspouse/spousebrother/spousebrother_kid[4]/brotherspouse_kid_questions[4]
0,first,الأول,الأولى,,,female,,alive,7,,,,,,,uuid:e76183e2-bbe1-4d97-9a5f-1b7e2580c5b9/survey/ifspouse/siblingsspouse/spousebrother/spousebrother_kid[1],uuid:e76183e2-bbe1-4d97-9a5f-1b7e2580c5b9/survey/ifspouse/siblingsspouse/spousebrother/spousebrother_kid[1]/brotherspouse_kid_questions[1]
0,first,الأول,الأولى,first,الأول,male,الأول,alive,2,,,,,,,uuid:4ee18826-e57b-4c21-9c5d-3e6b3173b890/survey/ifspouse/siblingsspouse/spousebrother/spousebrother_kid[1],uuid:4ee18826-e57b-4c21-9c5d-3e6b3173b890/survey/ifspouse/siblingsspouse/spousebrother/spousebrother_kid[1]/brotherspouse_kid_questions[1]
1,second,الثاني,الثانية,second,الثاني,male,الثاني,alive,2,,,,,,,uuid:4ee18826-e57b-4c21-9c5d-3e6b3173b890/survey/ifspouse/siblingsspouse/spousebrother/spousebrother_kid[1],uuid:4ee18826-e57b-4c21-9c5d-3e6b3173b890/survey/ifspouse/siblingsspouse/spousebrother/spousebrother_kid[1]/brotherspouse_kid_questions[2]
2,third,الثالث,الثالثة,third,الثالث,female,الثالثة,alive,0,,,,,,,uuid:4ee18826-e57b-4c21-9c5d-3e6b3173b890/survey/ifspouse/siblingsspouse/spousebrother/spousebrother_kid[1],uuid:4ee18826-e57b-4c21-9c5d-3e6b3173b890/survey/ifspouse/siblingsspouse/spousebrother/spousebrother_kid[1]/brotherspouse_kid_questions[3]
0,first,الأول,الأولى,first,الأول,male,الأول,alive,28,,,,,,,uuid:56b96d89-497d-4686-bf0e-bf2c4cc74dcb/survey/ifspouse/siblingsspouse/spousebrother/spousebrother_kid[1],uuid:56b96d89-497d-4686-bf0e-bf2c4cc74dcb/survey/ifspouse/siblingsspouse/spousebrother/spousebrother_kid[1]/brotherspouse_kid_questions[1]
1,second,الثاني,الثانية,second,الثاني,female,الثانية,alive,26,,,,,,,uuid:56b96d89-497d-4686-bf0e-bf2c4cc74dcb/survey/ifspouse/siblingsspouse/spousebrother/spousebrother_kid[1],uuid:56b96d89-497d-4686-bf0e-bf2c4cc74dcb/survey/ifspouse/siblingsspouse/spousebrother/spousebrother_kid[1]/brotherspouse_kid_questions[2]
2,third,الثالث,الثالثة,third,الثالث,female,الثالثة,alive,23,,,,,,,uuid:56b96d89-497d-4686-bf0e-bf2c4cc74dcb/survey/ifspouse/siblingsspouse/spousebrother/spousebrother_kid[1],uuid:56b96d89-497d-4686-bf0e-bf2c4cc74dcb/survey/ifspouse/siblingsspouse/spousebrother/spousebrother_kid[1]/brotherspouse_kid_questions[3]
3,fourth,الرابع,الرابعة,fourth,الرابع,female,الرابعة,alive,11,,,,,,,uuid:56b96d89-497d-4686-bf0e-bf2c4cc74dcb/survey/ifspouse/siblingsspouse/spousebrother/spousebrother_kid[1],uuid:56b96d89-497d-4686-bf0e-bf2c4cc74dcb/survey/ifspouse/siblingsspouse/spousebrother/spousebrother_kid[1]/brotherspouse_kid_questions[4]
4,fifth,الخامس,الخامسة,fifth,الخامس,male,الخامس,alive,21,,,,,,,uuid:56b96d89-497d-4686-bf0e-bf2c4cc74dcb/survey/ifspouse/siblingsspouse/spousebrother/spousebrother_kid[1],uuid:56b96d89-497d-4686-bf0e-bf2c4cc74dcb/survey/ifspouse/siblingsspouse/spousebrother/spousebrother_kid[1]/brotherspouse_kid_questions[5]
0,first,الأول,الأولى,first,الأول,male,الأول,alive,15,,,,,,,uuid:56b96d89-497d-4686-bf0e-bf2c4cc74dcb/survey/ifspouse/siblingsspouse/spousebrother/spousebrother_kid[2],uuid:56b96d89-497d-4686-bf0e-bf2c4cc74dcb/survey/ifspouse/siblingsspouse/spousebrother/spousebrother_kid[2]/brotherspouse_kid_questions[1]
1,second,الثاني,الثانية,second,الثاني,female,الثانية,alive,12,,,,,,,uuid:56b96d89-497d-4686-bf0e-bf2c4cc74dcb/survey/ifspouse/siblingsspouse/spousebrother/spousebrother_kid[2],uuid:56b96d89-497d-4686-bf0e-bf2c4cc74dcb/survey/ifspouse/siblingsspouse/spousebrother/spousebrother_kid[2]/brotherspouse_kid_questions[2]
2,third,الثالث,الثالثة,third,الثالث,female,الثالثة,alive,14,,,,,,,uuid:56b96d89-497d-4686-bf0e-bf2c4cc74dcb/survey/ifspouse/siblingsspouse/spousebrother/spousebrother_kid[2],uuid:56b96d89-497d-4686-bf0e-bf2c4cc74dcb/survey/ifspouse/siblingsspouse/spousebrother/spousebrother_kid[2]/brotherspouse_kid_questions[3]
0,first,الأول,الأولى,,,male,,alive,3,,,,,,,uuid:1dc2f4ed-ebb1-4819-b721-f04614e73037/survey/ifspouse/siblingsspouse/spousebrother/spousebrother_kid[1],uuid:1dc2f4ed-ebb1-4819-b721-f04614e73037/survey/ifspouse/siblingsspouse/spousebrother/spousebrother_kid[1]/brotherspouse_kid_questions[1]
0,first,الأول,الأولى,first,الأول,female,الأولى,alive,17,,,,,,,uuid:7132c1fd-33d8-4303-97eb-c86b3ac20408/survey/ifspouse/siblingsspouse/spousebrother/spousebrother_kid[1],uuid:7132c1fd-33d8-4303-97eb-c86b3ac20408/survey/ifspouse/siblingsspouse/spousebrother/spousebrother_kid[1]/brotherspouse_kid_questions[1]
1,second,الثاني,الثانية,second,الثاني,male,الثاني,alive,13,,,,,,,uuid:7132c1fd-33d8-4303-97eb-c86b3ac20408/survey/ifspouse/siblingsspouse/spousebrother/spousebrother_kid[1],uuid:7132c1fd-33d8-4303-97eb-c86b3ac20408/survey/ifspouse/siblingsspouse/spousebrother/spousebrother_kid[1]/brotherspouse_kid_questions[2]
0,first,الأول,الأولى,first,الأول,female,الأولى,alive,3,,,,,,,uuid:7132c1fd-33d8-4303-97eb-c86b3ac20408/survey/ifspouse/siblingsspouse/spousebrother/spousebrother_kid[2],uuid:7132c1fd-33d8-4303-97eb-c86b3ac20408/survey/ifspouse/siblingsspouse/spousebrother/spousebrother_kid[2]/brotherspouse_kid_questions[1]
1,second,الثاني,الثانية,second,الثاني,female,الثانية,alive,0,,,,,,,uuid:7132c1fd-33d8-4303-97eb-c86b3ac20408/survey/ifspouse/siblingsspouse/spousebrother/spousebrother_kid[2],uuid:7132c1fd-33d8-4303-97eb-c86b3ac20408/survey/ifspouse/siblingsspouse/spousebrother/spousebrother_kid[2]/brotherspouse_kid_questions[2]
0,first,الأول,الأولى,first,الأول,female,الأولى,alive,8,,,,,,,uuid:cf633feb-b79f-41ab-a168-c2c1894e50fe/survey/ifspouse/siblingsspouse/spousebrother/spousebrother_kid[1],uuid:cf633feb-b79f-41ab-a168-c2c1894e50fe/survey/ifspouse/siblingsspouse/spousebrother/spousebrother_kid[1]/brotherspouse_kid_questions[1]
1,second,الثاني,الثانية,second,الثاني,male,الثاني,alive,4,,,,,,,uuid:cf633feb-b79f-41ab-a168-c2c1894e50fe/survey/ifspouse/siblingsspouse/spousebrother/spousebrother_kid[1],uuid:cf633feb-b79f-41ab-a168-c2c1894e50fe/survey/ifspouse/siblingsspouse/spousebrother/spousebrother_kid[1]/brotherspouse_kid_questions[2]
0,first,الأول,الأولى,first,الأول,male,الأول,alive,9,,,,,,,uuid:cf633feb-b79f-41ab-a168-c2c1894e50fe/survey/ifspouse/siblingsspouse/spousebrother/spousebrother_kid[2],uuid:cf633feb-b79f-41ab-a168-c2c1894e50fe/survey/ifspouse/siblingsspouse/spousebrother/spousebrother_kid[2]/brotherspouse_kid_questions[1]
1,second,الثاني,الثانية,second,الثاني,male,الثاني,alive,4,,,,,,,uuid:cf633feb-b79f-41ab-a168-c2c1894e50fe/survey/ifspouse/siblingsspouse/spousebrother/spousebrother_kid[2],uuid:cf633feb-b79f-41ab-a168-c2c1894e50fe/survey/ifspouse/siblingsspouse/spousebrother/spousebrother_kid[2]/brotherspouse_kid_questions[2]
2,third,الثالث,الثالثة,third,الثالث,female,الثالثة,alive,2,,,,,,,uuid:cf633feb-b79f-41ab-a168-c2c1894e50fe/survey/ifspouse/siblingsspouse/spousebrother/spousebrother_kid[2],uuid:cf633feb-b79f-41ab-a168-c2c1894e50fe/survey/ifspouse/siblingsspouse/spousebrother/spousebrother_kid[2]/brotherspouse_kid_questions[3]
0,first,الأول,الأولى,first,الأول,female,الأولى,alive,15,,,,,,,uuid:1c7922ec-847a-433a-b8f2-8a2c071e44c4/survey/ifspouse/siblingsspouse/spousebrother/spousebrother_kid[1],uuid:1c7922ec-847a-433a-b8f2-8a2c071e44c4/survey/ifspouse/siblingsspouse/spousebrother/spousebrother_kid[1]/brotherspouse_kid_questions[1]
1,second,الثاني,الثانية,second,الثاني,female,الثانية,alive,12,,,,,,,uuid:1c7922ec-847a-433a-b8f2-8a2c071e44c4/survey/ifspouse/siblingsspouse/spousebrother/spousebrother_kid[1],uuid:1c7922ec-847a-433a-b8f2-8a2c071e44c4/survey/ifspouse/siblingsspouse/spousebrother/spousebrother_kid[1]/brotherspouse_kid_questions[2]
2,third,الثالث,الثالثة,third,الثالث,female,الثالثة,deceased,,yes,2021,nov,4,sanaa_city,disease,uuid:1c7922ec-847a-433a-b8f2-8a2c071e44c4/survey/ifspouse/siblingsspouse/spousebrother/spousebrother_kid[1],uuid:1c7922ec-847a-433a-b8f2-8a2c071e44c4/survey/ifspouse/siblingsspouse/spousebrother/spousebrother_kid[1]/brotherspouse_kid_questions[3]
0,first,الأول,الأولى,first,الأول,male,الأول,alive,17,,,,,,,uuid:1c7922ec-847a-433a-b8f2-8a2c071e44c4/survey/ifspouse/siblingsspouse/spousebrother/spousebrother_kid[2],uuid:1c7922ec-847a-433a-b8f2-8a2c071e44c4/survey/ifspouse/siblingsspouse/spousebrother/spousebrother_kid[2]/brotherspouse_kid_questions[1]
1,second,الثاني,الثانية,second,الثاني,male,الثاني,alive,15,,,,,,,uuid:1c7922ec-847a-433a-b8f2-8a2c071e44c4/survey/ifspouse/siblingsspouse/spousebrother/spousebrother_kid[2],uuid:1c7922ec-847a-433a-b8f2-8a2c071e44c4/survey/ifspouse/siblingsspouse/spousebrother/spousebrother_kid[2]/brotherspouse_kid_questions[2]
2,third,الثالث,الثالثة,third,الثالث,female,الثالثة,alive,12,,,,,,,uuid:1c7922ec-847a-433a-b8f2-8a2c071e44c4/survey/ifspouse/siblingsspouse/spousebrother/spousebrother_kid[2],uuid:1c7922ec-847a-433a-b8f2-8a2c071e44c4/survey/ifspouse/siblingsspouse/spousebrother/spousebrother_kid[2]/brotherspouse_kid_questions[3]
0,first,الأول,الأولى,first,الأول,female,الأولى,alive,12,,,,,,,uuid:481eab0b-e62b-492b-a18d-007cc083fe20/survey/ifspouse/siblingsspouse/spousebrother/spousebrother_kid[1],uuid:481eab0b-e62b-492b-a18d-007cc083fe20/survey/ifspouse/siblingsspouse/spousebrother/spousebrother_kid[1]/brotherspouse_kid_questions[1]
1,second,الثاني,الثانية,second,الثاني,male,الثاني,alive,6,,,,,,,uuid:481eab0b-e62b-492b-a18d-007cc083fe20/survey/ifspouse/siblingsspouse/spousebrother/spousebrother_kid[1],uuid:481eab0b-e62b-492b-a18d-007cc083fe20/survey/ifspouse/siblingsspouse/spousebrother/spousebrother_kid[1]/brotherspouse_kid_questions[2]
2,third,الثالث,الثالثة,third,الثالث,male,الثالث,alive,4,,,,,,,uuid:481eab0b-e62b-492b-a18d-007cc083fe20/survey/ifspouse/siblingsspouse/spousebrother/spousebrother_kid[1],uuid:481eab0b-e62b-492b-a18d-007cc083fe20/survey/ifspouse/siblingsspouse/spousebrother/spousebrother_kid[1]/brotherspouse_kid_questions[3]
0,first,الأول,الأولى,,,male,,alive,4,,,,,,,uuid:481eab0b-e62b-492b-a18d-007cc083fe20/survey/ifspouse/siblingsspouse/spousebrother/spousebrother_kid[2],uuid:481eab0b-e62b-492b-a18d-007cc083fe20/survey/ifspouse/siblingsspouse/spousebrother/spousebrother_kid[2]/brotherspouse_kid_questions[1]
0,first,الأول,الأولى,first,الأول,male,الأول,alive,6,,,,,,,uuid:481eab0b-e62b-492b-a18d-007cc083fe20/survey/ifspouse/siblingsspouse/spousebrother/spousebrother_kid[3],uuid:481eab0b-e62b-492b-a18d-007cc083fe20/survey/ifspouse/siblingsspouse/spousebrother/spousebrother_kid[3]/brotherspouse_kid_questions[1]
1,second,الثاني,الثانية,second,الثاني,female,الثانية,alive,3,,,,,,,uuid:481eab0b-e62b-492b-a18d-007cc083fe20/survey/ifspouse/siblingsspouse/spousebrother/spousebrother_kid[3],uuid:481eab0b-e62b-492b-a18d-007cc083fe20/survey/ifspouse/siblingsspouse/spousebrother/spousebrother_kid[3]/brotherspouse_kid_questions[2]
0,first,الأول,الأولى,first,الأول,female,الأولى,alive,7,,,,,,,uuid:481eab0b-e62b-492b-a18d-007cc083fe20/survey/ifspouse/siblingsspouse/spousebrother/spousebrother_kid[4],uuid:481eab0b-e62b-492b-a18d-007cc083fe20/survey/ifspouse/siblingsspouse/spousebrother/spousebrother_kid[4]/brotherspouse_kid_questions[1]
1,second,الثاني,الثانية,second,الثاني,male,الثاني,alive,4,,,,,,,uuid:481eab0b-e62b-492b-a18d-007cc083fe20/survey/ifspouse/siblingsspouse/spousebrother/spousebrother_kid[4],uuid:481eab0b-e62b-492b-a18d-007cc083fe20/survey/ifspouse/siblingsspouse/spousebrother/spousebrother_kid[4]/brotherspouse_kid_questions[2]
0,first,الأول,الأولى,,,female,,alive,0,,,,,,,uuid:481eab0b-e62b-492b-a18d-007cc083fe20/survey/ifspouse/siblingsspouse/spousebrother/spousebrother_kid[5],uuid:481eab0b-e62b-492b-a18d-007cc083fe20/survey/ifspouse/siblingsspouse/spousebrother/spousebrother_kid[5]/brotherspouse_kid_questions[1]
0,first,الأول,الأولى,first,الأول,female,الأولى,alive,14,,,,,,,uuid:41679e76-a1c1-498b-bfed-63756649aaef/survey/ifspouse/siblingsspouse/spousebrother/spousebrother_kid[1],uuid:41679e76-a1c1-498b-bfed-63756649aaef/survey/ifspouse/siblingsspouse/spousebrother/spousebrother_kid[1]/brotherspouse_kid_questions[1]
1,second,الثاني,الثانية,second,الثاني,female,الثانية,alive,10,,,,,,,uuid:41679e76-a1c1-498b-bfed-63756649aaef/survey/ifspouse/siblingsspouse/spousebrother/spousebrother_kid[1],uuid:41679e76-a1c1-498b-bfed-63756649aaef/survey/ifspouse/siblingsspouse/spousebrother/spousebrother_kid[1]/brotherspouse_kid_questions[2]
2,third,الثالث,الثالثة,third,الثالث,male,الثالث,alive,5,,,,,,,uuid:41679e76-a1c1-498b-bfed-63756649aaef/survey/ifspouse/siblingsspouse/spousebrother/spousebrother_kid[1],uuid:41679e76-a1c1-498b-bfed-63756649aaef/survey/ifspouse/siblingsspouse/spousebrother/spousebrother_kid[1]/brotherspouse_kid_questions[3]
0,first,الأول,الأولى,first,الأول,female,الأولى,alive,14,,,,,,,uuid:41679e76-a1c1-498b-bfed-63756649aaef/survey/ifspouse/siblingsspouse/spousebrother/spousebrother_kid[2],uuid:41679e76-a1c1-498b-bfed-63756649aaef/survey/ifspouse/siblingsspouse/spousebrother/spousebrother_kid[2]/brotherspouse_kid_questions[1]
1,second,الثاني,الثانية,second,الثاني,male,الثاني,alive,11,,,,,,,uuid:41679e76-a1c1-498b-bfed-63756649aaef/survey/ifspouse/siblingsspouse/spousebrother/spousebrother_kid[2],uuid:41679e76-a1c1-498b-bfed-63756649aaef/survey/ifspouse/siblingsspouse/spousebrother/spousebrother_kid[2]/brotherspouse_kid_questions[2]
2,third,الثالث,الثالثة,third,الثالث,male,الثالث,alive,5,,,,,,,uuid:41679e76-a1c1-498b-bfed-63756649aaef/survey/ifspouse/siblingsspouse/spousebrother/spousebrother_kid[2],uuid:41679e76-a1c1-498b-bfed-63756649aaef/survey/ifspouse/siblingsspouse/spousebrother/spousebrother_kid[2]/brotherspouse_kid_questions[3]
0,first,الأول,الأولى,first,الأول,female,الأولى,alive,17,,,,,,,uuid:f719c86e-3590-4721-b100-5f146d29e29b/survey/ifspouse/siblingsspouse/spousebrother/spousebrother_kid[1],uuid:f719c86e-3590-4721-b100-5f146d29e29b/survey/ifspouse/siblingsspouse/spousebrother/spousebrother_kid[1]/brotherspouse_kid_questions[1]
1,second,الثاني,الثانية,second,الثاني,female,الثانية,alive,14,,,,,,,uuid:f719c86e-3590-4721-b100-5f146d29e29b/survey/ifspouse/siblingsspouse/spousebrother/spousebrother_kid[1],uuid:f719c86e-3590-4721-b100-5f146d29e29b/survey/ifspouse/siblingsspouse/spousebrother/spousebrother_kid[1]/brotherspouse_kid_questions[2]
2,third,الثالث,الثالثة,third,الثالث,male,الثالث,alive,4,,,,,,,uuid:f719c86e-3590-4721-b100-5f146d29e29b/survey/ifspouse/siblingsspouse/spousebrother/spousebrother_kid[1],uuid:f719c86e-3590-4721-b100-5f146d29e29b/survey/ifspouse/siblingsspouse/spousebrother/spousebrother_kid[1]/brotherspouse_kid_questions[3]
0,first,الأول,الأولى,,,female,,alive,3,,,,,,,uuid:f719c86e-3590-4721-b100-5f146d29e29b/survey/ifspouse/siblingsspouse/spousebrother/spousebrother_kid[2],uuid:f719c86e-3590-4721-b100-5f146d29e29b/survey/ifspouse/siblingsspouse/spousebrother/spousebrother_kid[2]/brotherspouse_kid_questions[1]
0,first,الأول,الأولى,first,الأول,female,الأولى,alive,5,,,,,,,uuid:5c3f639e-0d9d-4116-8574-b064ecc2adc7/survey/ifspouse/siblingsspouse/spousebrother/spousebrother_kid[1],uuid:5c3f639e-0d9d-4116-8574-b064ecc2adc7/survey/ifspouse/siblingsspouse/spousebrother/spousebrother_kid[1]/brotherspouse_kid_questions[1]
1,second,الثاني,الثانية,second,الثاني,male,الثاني,alive,3,,,,,,,uuid:5c3f639e-0d9d-4116-8574-b064ecc2adc7/survey/ifspouse/siblingsspouse/spousebrother/spousebrother_kid[1],uuid:5c3f639e-0d9d-4116-8574-b064ecc2adc7/survey/ifspouse/siblingsspouse/spousebrother/spousebrother_kid[1]/brotherspouse_kid_questions[2]
0,first,الأول,الأولى,,,female,,alive,0,,,,,,,uuid:ba5e4f40-40b5-4230-a2b3-e8c460cf2ee4/survey/ifspouse/siblingsspouse/spousebrother/spousebrother_kid[1],uuid:ba5e4f40-40b5-4230-a2b3-e8c460cf2ee4/survey/ifspouse/siblingsspouse/spousebrother/spousebrother_kid[1]/brotherspouse_kid_questions[1]
