sister_kid_position,sister_kid_position_text,sister_kid_position_text_ab,sister_kid_position_text_F_ab,sister_kid_position_which,sister_kid_position_which_ab,sister_kid_gender,sister_kid_position_which_gender_ab,sister_kid_status,sister_kid_aliveage,sister_kid_yemendeceased,sister_kid_dieyear,sister_kid_diemonth,sister_kid_diedage,sister_kid_governorate,sister_kid_cod,PARENT_KEY,KEY
0,first,الأول,الأولى,,,female,,alive,2,,,,,,,uuid:deb96adc-97a0-49ab-8da8-8fb6c4a0e720/survey/siblingsyour/sister/sisteryour_kid[2],uuid:deb96adc-97a0-49ab-8da8-8fb6c4a0e720/survey/siblingsyour/sister/sisteryour_kid[2]/sisteryour_kid_questions[1]
0,first,الأول,الأولى,,,male,,alive,5,,,,,,,uuid:64ce779e-e3e2-40eb-bf52-cddc17a6ca4d/survey/siblingsyour/sister/sisteryour_kid[1],uuid:64ce779e-e3e2-40eb-bf52-cddc17a6ca4d/survey/siblingsyour/sister/sisteryour_kid[1]/sisteryour_kid_questions[1]
0,first,الأول,الأولى,first,الأول,male,الأول,alive,12,,,,,,,uuid:64ce779e-e3e2-40eb-bf52-cddc17a6ca4d/survey/siblingsyour/sister/sisteryour_kid[2],uuid:64ce779e-e3e2-40eb-bf52-cddc17a6ca4d/survey/siblingsyour/sister/sisteryour_kid[2]/sisteryour_kid_questions[1]
1,second,الثاني,الثانية,second,الثاني,male,الثاني,alive,10,,,,,,,uuid:64ce779e-e3e2-40eb-bf52-cddc17a6ca4d/survey/siblingsyour/sister/sisteryour_kid[2],uuid:64ce779e-e3e2-40eb-bf52-cddc17a6ca4d/survey/siblingsyour/sister/sisteryour_kid[2]/sisteryour_kid_questions[2]
0,first,الأول,الأولى,first,الأول,male,الأول,alive,21,,,,,,,uuid:09f930f2-b309-4061-a065-f54898f7c064/survey/siblingsyour/sister/sisteryour_kid[1],uuid:09f930f2-b309-4061-a065-f54898f7c064/survey/siblingsyour/sister/sisteryour_kid[1]/sisteryour_kid_questions[1]
1,second,الثاني,الثانية,second,الثاني,female,الثانية,alive,18,,,,,,,uuid:09f930f2-b309-4061-a065-f54898f7c064/survey/siblingsyour/sister/sisteryour_kid[1],uuid:09f930f2-b309-4061-a065-f54898f7c064/survey/siblingsyour/sister/sisteryour_kid[1]/sisteryour_kid_questions[2]
2,third,الثالث,الثالثة,third,الثالث,male,الثالث,alive,9,,,,,,,uuid:09f930f2-b309-4061-a065-f54898f7c064/survey/siblingsyour/sister/sisteryour_kid[1],uuid:09f930f2-b309-4061-a065-f54898f7c064/survey/siblingsyour/sister/sisteryour_kid[1]/sisteryour_kid_questions[3]
3,fourth,الرابع,الرابعة,fourth,الرابع,male,الرابع,alive,6,,,,,,,uuid:09f930f2-b309-4061-a065-f54898f7c064/survey/siblingsyour/sister/sisteryour_kid[1],uuid:09f930f2-b309-4061-a065-f54898f7c064/survey/siblingsyour/sister/sisteryour_kid[1]/sisteryour_kid_questions[4]
0,first,الأول,الأولى,first,الأول,male,الأول,alive,8,,,,,,,uuid:09f930f2-b309-4061-a065-f54898f7c064/survey/siblingsyour/sister/sisteryour_kid[2],uuid:09f930f2-b309-4061-a065-f54898f7c064/survey/siblingsyour/sister/sisteryour_kid[2]/sisteryour_kid_questions[1]
1,second,الثاني,الثانية,second,الثاني,female,الثانية,alive,6,,,,,,,uuid:09f930f2-b309-4061-a065-f54898f7c064/survey/siblingsyour/sister/sisteryour_kid[2],uuid:09f930f2-b309-4061-a065-f54898f7c064/survey/siblingsyour/sister/sisteryour_kid[2]/sisteryour_kid_questions[2]
2,third,الثالث,الثالثة,third,الثالث,male,الثالث,alive,3,,,,,,,uuid:09f930f2-b309-4061-a065-f54898f7c064/survey/siblingsyour/sister/sisteryour_kid[2],uuid:09f930f2-b309-4061-a065-f54898f7c064/survey/siblingsyour/sister/sisteryour_kid[2]/sisteryour_kid_questions[3]
0,first,الأول,الأولى,first,الأول,female,الأولى,alive,16,,,,,,,uuid:09f930f2-b309-4061-a065-f54898f7c064/survey/siblingsyour/sister/sisteryour_kid[3],uuid:09f930f2-b309-4061-a065-f54898f7c064/survey/siblingsyour/sister/sisteryour_kid[3]/sisteryour_kid_questions[1]
1,second,الثاني,الثانية,second,الثاني,male,الثاني,alive,13,,,,,,,uuid:09f930f2-b309-4061-a065-f54898f7c064/survey/siblingsyour/sister/sisteryour_kid[3],uuid:09f930f2-b309-4061-a065-f54898f7c064/survey/siblingsyour/sister/sisteryour_kid[3]/sisteryour_kid_questions[2]
2,third,الثالث,الثالثة,third,الثالث,female,الثالثة,alive,9,,,,,,,uuid:09f930f2-b309-4061-a065-f54898f7c064/survey/siblingsyour/sister/sisteryour_kid[3],uuid:09f930f2-b309-4061-a065-f54898f7c064/survey/siblingsyour/sister/sisteryour_kid[3]/sisteryour_kid_questions[3]
3,fourth,الرابع,الرابعة,fourth,الرابع,female,الرابعة,alive,7,,,,,,,uuid:09f930f2-b309-4061-a065-f54898f7c064/survey/siblingsyour/sister/sisteryour_kid[3],uuid:09f930f2-b309-4061-a065-f54898f7c064/survey/siblingsyour/sister/sisteryour_kid[3]/sisteryour_kid_questions[4]
4,fifth,الخامس,الخامسة,fifth,الخامس,male,الخامس,unknown,,,,,,,,uuid:09f930f2-b309-4061-a065-f54898f7c064/survey/siblingsyour/sister/sisteryour_kid[3],uuid:09f930f2-b309-4061-a065-f54898f7c064/survey/siblingsyour/sister/sisteryour_kid[3]/sisteryour_kid_questions[5]
0,first,الأول,الأولى,first,الأول,female,الأولى,alive,12,,,,,,,uuid:c5eeba9a-be67-4911-8ce1-4280afab883d/survey/siblingsyour/sister/sisteryour_kid[1],uuid:c5eeba9a-be67-4911-8ce1-4280afab883d/survey/siblingsyour/sister/sisteryour_kid[1]/sisteryour_kid_questions[1]
1,second,الثاني,الثانية,second,الثاني,male,الثاني,alive,8,,,,,,,uuid:c5eeba9a-be67-4911-8ce1-4280afab883d/survey/siblingsyour/sister/sisteryour_kid[1],uuid:c5eeba9a-be67-4911-8ce1-4280afab883d/survey/siblingsyour/sister/sisteryour_kid[1]/sisteryour_kid_questions[2]
0,first,الأول,الأولى,first,الأول,male,الأول,alive,11,,,,,,,uuid:ee2b1426-e304-48f2-971b-9a3a453eefd2/survey/siblingsyour/sister/sisteryour_kid[1],uuid:ee2b1426-e304-48f2-971b-9a3a453eefd2/survey/siblingsyour/sister/sisteryour_kid[1]/sisteryour_kid_questions[1]
1,second,الثاني,الثانية,second,الثاني,female,الثانية,alive,8,,,,,,,uuid:ee2b1426-e304-48f2-971b-9a3a453eefd2/survey/siblingsyour/sister/sisteryour_kid[1],uuid:ee2b1426-e304-48f2-971b-9a3a453eefd2/survey/siblingsyour/sister/sisteryour_kid[1]/sisteryour_kid_questions[2]
2,third,الثالث,الثالثة,third,الثالث,female,الثالثة,alive,4,,,,,,,uuid:ee2b1426-e304-48f2-971b-9a3a453eefd2/survey/siblingsyour/sister/sisteryour_kid[1],uuid:ee2b1426-e304-48f2-971b-9a3a453eefd2/survey/siblingsyour/sister/sisteryour_kid[1]/sisteryour_kid_questions[3]
0,first,الأول,الأولى,first,الأول,male,الأول,alive,11,,,,,,,uuid:ee2b1426-e304-48f2-971b-9a3a453eefd2/survey/siblingsyour/sister/sisteryour_kid[2],uuid:ee2b1426-e304-48f2-971b-9a3a453eefd2/survey/siblingsyour/sister/sisteryour_kid[2]/sisteryour_kid_questions[1]
1,second,الثاني,الثانية,second,الثاني,male,الثاني,alive,6,,,,,,,uuid:ee2b1426-e304-48f2-971b-9a3a453eefd2/survey/siblingsyour/sister/sisteryour_kid[2],uuid:ee2b1426-e304-48f2-971b-9a3a453eefd2/survey/siblingsyour/sister/sisteryour_kid[2]/sisteryour_kid_questions[2]
2,third,الثالث,الثالثة,third,الثالث,female,الثالثة,alive,4,,,,,,,uuid:ee2b1426-e304-48f2-971b-9a3a453eefd2/survey/siblingsyour/sister/sisteryour_kid[2],uuid:ee2b1426-e304-48f2-971b-9a3a453eefd2/survey/siblingsyour/sister/sisteryour_kid[2]/sisteryour_kid_questions[3]
0,first,الأول,الأولى,,,male,,alive,8,,,,,,,uuid:ee2b1426-e304-48f2-971b-9a3a453eefd2/survey/siblingsyour/sister/sisteryour_kid[3],uuid:ee2b1426-e304-48f2-971b-9a3a453eefd2/survey/siblingsyour/sister/sisteryour_kid[3]/sisteryour_kid_questions[1]
0,first,الأول,الأولى,first,الأول,male,الأول,alive,30,,,,,,,uuid:0b9a7da8-48f4-4baf-8298-5d578fc2375e/survey/siblingsyour/sister/sisteryour_kid[1],uuid:0b9a7da8-48f4-4baf-8298-5d578fc2375e/survey/siblingsyour/sister/sisteryour_kid[1]/sisteryour_kid_questions[1]
1,second,الثاني,الثانية,second,الثاني,female,الثانية,alive,27,,,,,,,uuid:0b9a7da8-48f4-4baf-8298-5d578fc2375e/survey/siblingsyour/sister/sisteryour_kid[1],uuid:0b9a7da8-48f4-4baf-8298-5d578fc2375e/survey/siblingsyour/sister/sisteryour_kid[1]/sisteryour_kid_questions[2]
2,third,الثالث,الثالثة,third,الثالث,female,الثالثة,alive,23,,,,,,,uuid:0b9a7da8-48f4-4baf-8298-5d578fc2375e/survey/siblingsyour/sister/sisteryour_kid[1],uuid:0b9a7da8-48f4-4baf-8298-5d578fc2375e/survey/siblingsyour/sister/sisteryour_kid[1]/sisteryour_kid_questions[3]
3,fourth,الرابع,الرابعة,fourth,الرابع,female,الرابعة,alive,20,,,,,,,uuid:0b9a7da8-48f4-4baf-8298-5d578fc2375e/survey/siblingsyour/sister/sisteryour_kid[1],uuid:0b9a7da8-48f4-4baf-8298-5d578fc2375e/survey/siblingsyour/sister/sisteryour_kid[1]/sisteryour_kid_questions[4]
4,fifth,الخامس,الخامسة,fifth,الخامس,male,الخامس,alive,16,,,,,,,uuid:0b9a7da8-48f4-4baf-8298-5d578fc2375e/survey/siblingsyour/sister/sisteryour_kid[1],uuid:0b9a7da8-48f4-4baf-8298-5d578fc2375e/survey/siblingsyour/sister/sisteryour_kid[1]/sisteryour_kid_questions[5]
5,sixth,السادس,السادسة,sixth,السادس,female,السادسة,alive,15,,,,,,,uuid:0b9a7da8-48f4-4baf-8298-5d578fc2375e/survey/siblingsyour/sister/sisteryour_kid[1],uuid:0b9a7da8-48f4-4baf-8298-5d578fc2375e/survey/siblingsyour/sister/sisteryour_kid[1]/sisteryour_kid_questions[6]
0,first,الأول,الأولى,first,الأول,female,الأولى,alive,24,,,,,,,uuid:0b9a7da8-48f4-4baf-8298-5d578fc2375e/survey/siblingsyour/sister/sisteryour_kid[3],uuid:0b9a7da8-48f4-4baf-8298-5d578fc2375e/survey/siblingsyour/sister/sisteryour_kid[3]/sisteryour_kid_questions[1]
1,second,الثاني,الثانية,second,الثاني,male,الثاني,alive,22,,,,,,,uuid:0b9a7da8-48f4-4baf-8298-5d578fc2375e/survey/siblingsyour/sister/sisteryour_kid[3],uuid:0b9a7da8-48f4-4baf-8298-5d578fc2375e/survey/siblingsyour/sister/sisteryour_kid[3]/sisteryour_kid_questions[2]
2,third,الثالث,الثالثة,third,الثالث,female,الثالثة,alive,20,,,,,,,uuid:0b9a7da8-48f4-4baf-8298-5d578fc2375e/survey/siblingsyour/sister/sisteryour_kid[3],uuid:0b9a7da8-48f4-4baf-8298-5d578fc2375e/survey/siblingsyour/sister/sisteryour_kid[3]/sisteryour_kid_questions[3]
3,fourth,الرابع,الرابعة,fourth,الرابع,female,الرابعة,alive,18,,,,,,,uuid:0b9a7da8-48f4-4baf-8298-5d578fc2375e/survey/siblingsyour/sister/sisteryour_kid[3],uuid:0b9a7da8-48f4-4baf-8298-5d578fc2375e/survey/siblingsyour/sister/sisteryour_kid[3]/sisteryour_kid_questions[4]
4,fifth,الخامس,الخامسة,fifth,الخامس,female,الخامسة,alive,13,,,,,,,uuid:0b9a7da8-48f4-4baf-8298-5d578fc2375e/survey/siblingsyour/sister/sisteryour_kid[3],uuid:0b9a7da8-48f4-4baf-8298-5d578fc2375e/survey/siblingsyour/sister/sisteryour_kid[3]/sisteryour_kid_questions[5]
5,sixth,السادس,السادسة,sixth,السادس,female,السادسة,alive,5,,,,,,,uuid:0b9a7da8-48f4-4baf-8298-5d578fc2375e/survey/siblingsyour/sister/sisteryour_kid[3],uuid:0b9a7da8-48f4-4baf-8298-5d578fc2375e/survey/siblingsyour/sister/sisteryour_kid[3]/sisteryour_kid_questions[6]
0,first,الأول,الأولى,,,female,,alive,17,,,,,,,uuid:0b9a7da8-48f4-4baf-8298-5d578fc2375e/survey/siblingsyour/sister/sisteryour_kid[5],uuid:0b9a7da8-48f4-4baf-8298-5d578fc2375e/survey/siblingsyour/sister/sisteryour_kid[5]/sisteryour_kid_questions[1]
0,first,الأول,الأولى,first,الأول,female,الأولى,alive,12,,,,,,,uuid:0b9a7da8-48f4-4baf-8298-5d578fc2375e/survey/siblingsyour/sister/sisteryour_kid[6],uuid:0b9a7da8-48f4-4baf-8298-5d578fc2375e/survey/siblingsyour/sister/sisteryour_kid[6]/sisteryour_kid_questions[1]
1,second,الثاني,الثانية,second,الثاني,male,الثاني,alive,9,,,,,,,uuid:0b9a7da8-48f4-4baf-8298-5d578fc2375e/survey/siblingsyour/sister/sisteryour_kid[6],uuid:0b9a7da8-48f4-4baf-8298-5d578fc2375e/survey/siblingsyour/sister/sisteryour_kid[6]/sisteryour_kid_questions[2]
2,third,الثالث,الثالثة,third,الثالث,male,الثالث,alive,5,,,,,,,uuid:0b9a7da8-48f4-4baf-8298-5d578fc2375e/survey/siblingsyour/sister/sisteryour_kid[6],uuid:0b9a7da8-48f4-4baf-8298-5d578fc2375e/survey/siblingsyour/sister/sisteryour_kid[6]/sisteryour_kid_questions[3]
3,fourth,الرابع,الرابعة,fourth,الرابع,male,الرابع,alive,0,,,,,,,uuid:0b9a7da8-48f4-4baf-8298-5d578fc2375e/survey/siblingsyour/sister/sisteryour_kid[6],uuid:0b9a7da8-48f4-4baf-8298-5d578fc2375e/survey/siblingsyour/sister/sisteryour_kid[6]/sisteryour_kid_questions[4]
0,first,الأول,الأولى,,,female,,alive,7,,,,,,,uuid:fce84ea9-42b7-4c28-a8da-a4a95ec99311/survey/siblingsyour/sister/sisteryour_kid[2],uuid:fce84ea9-42b7-4c28-a8da-a4a95ec99311/survey/siblingsyour/sister/sisteryour_kid[2]/sisteryour_kid_questions[1]
0,first,الأول,الأولى,first,الأول,male,الأول,alive,16,,,,,,,uuid:c3ebc223-e8a6-4790-93b8-fbfec11073ee/survey/siblingsyour/sister/sisteryour_kid[1],uuid:c3ebc223-e8a6-4790-93b8-fbfec11073ee/survey/siblingsyour/sister/sisteryour_kid[1]/sisteryour_kid_questions[1]
1,second,الثاني,الثانية,second,الثاني,male,الثاني,alive,12,,,,,,,uuid:c3ebc223-e8a6-4790-93b8-fbfec11073ee/survey/siblingsyour/sister/sisteryour_kid[1],uuid:c3ebc223-e8a6-4790-93b8-fbfec11073ee/survey/siblingsyour/sister/sisteryour_kid[1]/sisteryour_kid_questions[2]
2,third,الثالث,الثالثة,third,الثالث,male,الثالث,alive,9,,,,,,,uuid:c3ebc223-e8a6-4790-93b8-fbfec11073ee/survey/siblingsyour/sister/sisteryour_kid[1],uuid:c3ebc223-e8a6-4790-93b8-fbfec11073ee/survey/siblingsyour/sister/sisteryour_kid[1]/sisteryour_kid_questions[3]
0,first,الأول,الأولى,first,الأول,male,الأول,alive,14,,,,,,,uuid:c3ebc223-e8a6-4790-93b8-fbfec11073ee/survey/siblingsyour/sister/sisteryour_kid[2],uuid:c3ebc223-e8a6-4790-93b8-fbfec11073ee/survey/siblingsyour/sister/sisteryour_kid[2]/sisteryour_kid_questions[1]
1,second,الثاني,الثانية,second,الثاني,male,الثاني,alive,10,,,,,,,uuid:c3ebc223-e8a6-4790-93b8-fbfec11073ee/survey/siblingsyour/sister/sisteryour_kid[2],uuid:c3ebc223-e8a6-4790-93b8-fbfec11073ee/survey/siblingsyour/sister/sisteryour_kid[2]/sisteryour_kid_questions[2]
2,third,الثالث,الثالثة,third,الثالث,male,الثالث,alive,2,,,,,,,uuid:c3ebc223-e8a6-4790-93b8-fbfec11073ee/survey/siblingsyour/sister/sisteryour_kid[2],uuid:c3ebc223-e8a6-4790-93b8-fbfec11073ee/survey/siblingsyour/sister/sisteryour_kid[2]/sisteryour_kid_questions[3]
0,first,الأول,الأولى,first,الأول,male,الأول,alive,12,,,,,,,uuid:c3ebc223-e8a6-4790-93b8-fbfec11073ee/survey/siblingsyour/sister/sisteryour_kid[3],uuid:c3ebc223-e8a6-4790-93b8-fbfec11073ee/survey/siblingsyour/sister/sisteryour_kid[3]/sisteryour_kid_questions[1]
1,second,الثاني,الثانية,second,الثاني,female,الثانية,alive,8,,,,,,,uuid:c3ebc223-e8a6-4790-93b8-fbfec11073ee/survey/siblingsyour/sister/sisteryour_kid[3],uuid:c3ebc223-e8a6-4790-93b8-fbfec11073ee/survey/siblingsyour/sister/sisteryour_kid[3]/sisteryour_kid_questions[2]
2,third,الثالث,الثالثة,third,الثالث,female,الثالثة,alive,1,,,,,,,uuid:c3ebc223-e8a6-4790-93b8-fbfec11073ee/survey/siblingsyour/sister/sisteryour_kid[3],uuid:c3ebc223-e8a6-4790-93b8-fbfec11073ee/survey/siblingsyour/sister/sisteryour_kid[3]/sisteryour_kid_questions[3]
0,first,الأول,الأولى,,,male,,alive,26,,,,,,,uuid:d1c02ccc-c77e-47b2-a250-748785c4ab29/survey/siblingsyour/sister/sisteryour_kid[1],uuid:d1c02ccc-c77e-47b2-a250-748785c4ab29/survey/siblingsyour/sister/sisteryour_kid[1]/sisteryour_kid_questions[1]
0,first,الأول,الأولى,,,female,,alive,19,,,,,,,uuid:d1c02ccc-c77e-47b2-a250-748785c4ab29/survey/siblingsyour/sister/sisteryour_kid[2],uuid:d1c02ccc-c77e-47b2-a250-748785c4ab29/survey/siblingsyour/sister/sisteryour_kid[2]/sisteryour_kid_questions[1]
0,first,الأول,الأولى,first,الأول,male,الأول,alive,21,,,,,,,uuid:d1c02ccc-c77e-47b2-a250-748785c4ab29/survey/siblingsyour/sister/sisteryour_kid[3],uuid:d1c02ccc-c77e-47b2-a250-748785c4ab29/survey/siblingsyour/sister/sisteryour_kid[3]/sisteryour_kid_questions[1]
1,second,الثاني,الثانية,second,الثاني,female,الثانية,alive,17,,,,,,,uuid:d1c02ccc-c77e-47b2-a250-748785c4ab29/survey/siblingsyour/sister/sisteryour_kid[3],uuid:d1c02ccc-c77e-47b2-a250-748785c4ab29/survey/siblingsyour/sister/sisteryour_kid[3]/sisteryour_kid_questions[2]
2,third,الثالث,الثالثة,third,الثالث,male,الثالث,alive,8,,,,,,,uuid:d1c02ccc-c77e-47b2-a250-748785c4ab29/survey/siblingsyour/sister/sisteryour_kid[3],uuid:d1c02ccc-c77e-47b2-a250-748785c4ab29/survey/siblingsyour/sister/sisteryour_kid[3]/sisteryour_kid_questions[3]
0,first,الأول,الأولى,first,الأول,male,الأول,alive,21,,,,,,,uuid:d1c02ccc-c77e-47b2-a250-748785c4ab29/survey/siblingsyour/sister/sisteryour_kid[4],uuid:d1c02ccc-c77e-47b2-a250-748785c4ab29/survey/siblingsyour/sister/sisteryour_kid[4]/sisteryour_kid_questions[1]
1,second,الثاني,الثانية,second,الثاني,female,الثانية,alive,17,,,,,,,uuid:d1c02ccc-c77e-47b2-a250-748785c4ab29/survey/siblingsyour/sister/sisteryour_kid[4],uuid:d1c02ccc-c77e-47b2-a250-748785c4ab29/survey/siblingsyour/sister/sisteryour_kid[4]/sisteryour_kid_questions[2]
2,third,الثالث,الثالثة,third,الثالث,male,الثالث,alive,8,,,,,,,uuid:d1c02ccc-c77e-47b2-a250-748785c4ab29/survey/siblingsyour/sister/sisteryour_kid[4],uuid:d1c02ccc-c77e-47b2-a250-748785c4ab29/survey/siblingsyour/sister/sisteryour_kid[4]/sisteryour_kid_questions[3]
0,first,الأول,الأولى,first,الأول,male,الأول,alive,12,,,,,,,uuid:d1c02ccc-c77e-47b2-a250-748785c4ab29/survey/siblingsyour/sister/sisteryour_kid[5],uuid:d1c02ccc-c77e-47b2-a250-748785c4ab29/survey/siblingsyour/sister/sisteryour_kid[5]/sisteryour_kid_questions[1]
1,second,الثاني,الثانية,second,الثاني,female,الثانية,alive,8,,,,,,,uuid:d1c02ccc-c77e-47b2-a250-748785c4ab29/survey/siblingsyour/sister/sisteryour_kid[5],uuid:d1c02ccc-c77e-47b2-a250-748785c4ab29/survey/siblingsyour/sister/sisteryour_kid[5]/sisteryour_kid_questions[2]
0,first,الأول,الأولى,,,female,,alive,9,,,,,,,uuid:bde79937-de35-489e-a142-1336ada8ddfc/survey/siblingsyour/sister/sisteryour_kid[2],uuid:bde79937-de35-489e-a142-1336ada8ddfc/survey/siblingsyour/sister/sisteryour_kid[2]/sisteryour_kid_questions[1]
0,first,الأول,الأولى,first,الأول,male,الأول,alive,11,,,,,,,uuid:bde79937-de35-489e-a142-1336ada8ddfc/survey/siblingsyour/sister/sisteryour_kid[3],uuid:bde79937-de35-489e-a142-1336ada8ddfc/survey/siblingsyour/sister/sisteryour_kid[3]/sisteryour_kid_questions[1]
1,second,الثاني,الثانية,second,الثاني,female,الثانية,alive,10,,,,,,,uuid:bde79937-de35-489e-a142-1336ada8ddfc/survey/siblingsyour/sister/sisteryour_kid[3],uuid:bde79937-de35-489e-a142-1336ada8ddfc/survey/siblingsyour/sister/sisteryour_kid[3]/sisteryour_kid_questions[2]
0,first,الأول,الأولى,first,الأول,female,الأولى,alive,2,,,,,,,uuid:836fc528-d24d-4419-8a58-9a1fd08bddd5/survey/siblingsyour/sister/sisteryour_kid[1],uuid:836fc528-d24d-4419-8a58-9a1fd08bddd5/survey/siblingsyour/sister/sisteryour_kid[1]/sisteryour_kid_questions[1]
1,second,الثاني,الثانية,second,الثاني,female,الثانية,alive,1,,,,,,,uuid:836fc528-d24d-4419-8a58-9a1fd08bddd5/survey/siblingsyour/sister/sisteryour_kid[1],uuid:836fc528-d24d-4419-8a58-9a1fd08bddd5/survey/siblingsyour/sister/sisteryour_kid[1]/sisteryour_kid_questions[2]
0,first,الأول,الأولى,first,الأول,female,الأولى,alive,20,,,,,,,uuid:677c453a-550f-4072-bc30-37f42ac6963f/survey/siblingsyour/sister/sisteryour_kid[1],uuid:677c453a-550f-4072-bc30-37f42ac6963f/survey/siblingsyour/sister/sisteryour_kid[1]/sisteryour_kid_questions[1]
1,second,الثاني,الثانية,second,الثاني,female,الثانية,alive,19,,,,,,,uuid:677c453a-550f-4072-bc30-37f42ac6963f/survey/siblingsyour/sister/sisteryour_kid[1],uuid:677c453a-550f-4072-bc30-37f42ac6963f/survey/siblingsyour/sister/sisteryour_kid[1]/sisteryour_kid_questions[2]
2,third,الثالث,الثالثة,third,الثالث,female,الثالثة,alive,15,,,,,,,uuid:677c453a-550f-4072-bc30-37f42ac6963f/survey/siblingsyour/sister/sisteryour_kid[1],uuid:677c453a-550f-4072-bc30-37f42ac6963f/survey/siblingsyour/sister/sisteryour_kid[1]/sisteryour_kid_questions[3]
3,fourth,الرابع,الرابعة,fourth,الرابع,male,الرابع,alive,10,,,,,,,uuid:677c453a-550f-4072-bc30-37f42ac6963f/survey/siblingsyour/sister/sisteryour_kid[1],uuid:677c453a-550f-4072-bc30-37f42ac6963f/survey/siblingsyour/sister/sisteryour_kid[1]/sisteryour_kid_questions[4]
0,first,الأول,الأولى,first,الأول,male,الأول,alive,19,,,,,,,uuid:677c453a-550f-4072-bc30-37f42ac6963f/survey/siblingsyour/sister/sisteryour_kid[2],uuid:677c453a-550f-4072-bc30-37f42ac6963f/survey/siblingsyour/sister/sisteryour_kid[2]/sisteryour_kid_questions[1]
1,second,الثاني,الثانية,second,الثاني,male,الثاني,alive,17,,,,,,,uuid:677c453a-550f-4072-bc30-37f42ac6963f/survey/siblingsyour/sister/sisteryour_kid[2],uuid:677c453a-550f-4072-bc30-37f42ac6963f/survey/siblingsyour/sister/sisteryour_kid[2]/sisteryour_kid_questions[2]
2,third,الثالث,الثالثة,third,الثالث,female,الثالثة,alive,7,,,,,,,uuid:677c453a-550f-4072-bc30-37f42ac6963f/survey/siblingsyour/sister/sisteryour_kid[2],uuid:677c453a-550f-4072-bc30-37f42ac6963f/survey/siblingsyour/sister/sisteryour_kid[2]/sisteryour_kid_questions[3]
3,fourth,الرابع,الرابعة,fourth,الرابع,male,الرابع,alive,5,,,,,,,uuid:677c453a-550f-4072-bc30-37f42ac6963f/survey/siblingsyour/sister/sisteryour_kid[2],uuid:677c453a-550f-4072-bc30-37f42ac6963f/survey/siblingsyour/sister/sisteryour_kid[2]/sisteryour_kid_questions[4]
0,first,الأول,الأولى,first,الأول,female,الأولى,alive,18,,,,,,,uuid:5181464a-d57c-4602-9a31-2fe6cd048744/survey/siblingsyour/sister/sisteryour_kid[1],uuid:5181464a-d57c-4602-9a31-2fe6cd048744/survey/siblingsyour/sister/sisteryour_kid[1]/sisteryour_kid_questions[1]
1,second,الثاني,الثانية,second,الثاني,female,الثانية,alive,13,,,,,,,uuid:5181464a-d57c-4602-9a31-2fe6cd048744/survey/siblingsyour/sister/sisteryour_kid[1],uuid:5181464a-d57c-4602-9a31-2fe6cd048744/survey/siblingsyour/sister/sisteryour_kid[1]/sisteryour_kid_questions[2]
0,first,الأول,الأولى,first,الأول,female,الأولى,alive,25,,,,,,,uuid:5181464a-d57c-4602-9a31-2fe6cd048744/survey/siblingsyour/sister/sisteryour_kid[2],uuid:5181464a-d57c-4602-9a31-2fe6cd048744/survey/siblingsyour/sister/sisteryour_kid[2]/sisteryour_kid_questions[1]
1,second,الثاني,الثانية,second,الثاني,female,الثانية,alive,20,,,,,,,uuid:5181464a-d57c-4602-9a31-2fe6cd048744/survey/siblingsyour/sister/sisteryour_kid[2],uuid:5181464a-d57c-4602-9a31-2fe6cd048744/survey/siblingsyour/sister/sisteryour_kid[2]/sisteryour_kid_questions[2]
0,first,الأول,الأولى,,,male,,alive,1,,,,,,,uuid:5181464a-d57c-4602-9a31-2fe6cd048744/survey/siblingsyour/sister/sisteryour_kid[3],uuid:5181464a-d57c-4602-9a31-2fe6cd048744/survey/siblingsyour/sister/sisteryour_kid[3]/sisteryour_kid_questions[1]
0,first,الأول,الأولى,first,الأول,female,الأولى,alive,17,,,,,,,uuid:c04e4b82-02ac-4505-95ff-b7ecd2e0a030/survey/siblingsyour/sister/sisteryour_kid[1],uuid:c04e4b82-02ac-4505-95ff-b7ecd2e0a030/survey/siblingsyour/sister/sisteryour_kid[1]/sisteryour_kid_questions[1]
1,second,الثاني,الثانية,second,الثاني,female,الثانية,alive,14,,,,,,,uuid:c04e4b82-02ac-4505-95ff-b7ecd2e0a030/survey/siblingsyour/sister/sisteryour_kid[1],uuid:c04e4b82-02ac-4505-95ff-b7ecd2e0a030/survey/siblingsyour/sister/sisteryour_kid[1]/sisteryour_kid_questions[2]
2,third,الثالث,الثالثة,third,الثالث,male,الثالث,alive,10,,,,,,,uuid:c04e4b82-02ac-4505-95ff-b7ecd2e0a030/survey/siblingsyour/sister/sisteryour_kid[1],uuid:c04e4b82-02ac-4505-95ff-b7ecd2e0a030/survey/siblingsyour/sister/sisteryour_kid[1]/sisteryour_kid_questions[3]
0,first,الأول,الأولى,first,الأول,male,الأول,alive,9,,,,,,,uuid:c04e4b82-02ac-4505-95ff-b7ecd2e0a030/survey/siblingsyour/sister/sisteryour_kid[2],uuid:c04e4b82-02ac-4505-95ff-b7ecd2e0a030/survey/siblingsyour/sister/sisteryour_kid[2]/sisteryour_kid_questions[1]
1,second,الثاني,الثانية,second,الثاني,female,الثانية,alive,7,,,,,,,uuid:c04e4b82-02ac-4505-95ff-b7ecd2e0a030/survey/siblingsyour/sister/sisteryour_kid[2],uuid:c04e4b82-02ac-4505-95ff-b7ecd2e0a030/survey/siblingsyour/sister/sisteryour_kid[2]/sisteryour_kid_questions[2]
0,first,الأول,الأولى,,,male,,alive,11,,,,,,,uuid:c04e4b82-02ac-4505-95ff-b7ecd2e0a030/survey/siblingsyour/sister/sisteryour_kid[3],uuid:c04e4b82-02ac-4505-95ff-b7ecd2e0a030/survey/siblingsyour/sister/sisteryour_kid[3]/sisteryour_kid_questions[1]
0,first,الأول,الأولى,,,male,,deceased,,no,2017,,16,,,uuid:1715f4b5-fd39-4439-b837-2db9521d8fcc/survey/siblingsyour/sister/sisteryour_kid[1],uuid:1715f4b5-fd39-4439-b837-2db9521d8fcc/survey/siblingsyour/sister/sisteryour_kid[1]/sisteryour_kid_questions[1]
0,first,الأول,الأولى,first,الأول,male,الأول,alive,22,,,,,,,uuid:34f33746-4f58-4e51-94dd-ee85c8b64bda/survey/siblingsyour/sister/sisteryour_kid[1],uuid:34f33746-4f58-4e51-94dd-ee85c8b64bda/survey/siblingsyour/sister/sisteryour_kid[1]/sisteryour_kid_questions[1]
1,second,الثاني,الثانية,second,الثاني,male,الثاني,alive,19,,,,,,,uuid:34f33746-4f58-4e51-94dd-ee85c8b64bda/survey/siblingsyour/sister/sisteryour_kid[1],uuid:34f33746-4f58-4e51-94dd-ee85c8b64bda/survey/siblingsyour/sister/sisteryour_kid[1]/sisteryour_kid_questions[2]
2,third,الثالث,الثالثة,third,الثالث,female,الثالثة,alive,10,,,,,,,uuid:34f33746-4f58-4e51-94dd-ee85c8b64bda/survey/siblingsyour/sister/sisteryour_kid[1],uuid:34f33746-4f58-4e51-94dd-ee85c8b64bda/survey/siblingsyour/sister/sisteryour_kid[1]/sisteryour_kid_questions[3]
0,first,الأول,الأولى,,,male,,alive,3,,,,,,,uuid:dda1c9d3-fe11-4602-8449-01797a0aa535/survey/siblingsyour/sister/sisteryour_kid[1],uuid:dda1c9d3-fe11-4602-8449-01797a0aa535/survey/siblingsyour/sister/sisteryour_kid[1]/sisteryour_kid_questions[1]
0,first,الأول,الأولى,first,الأول,male,الأول,alive,10,,,,,,,uuid:fdb8ecbb-73e0-4668-b6b2-e920663ac7d3/survey/siblingsyour/sister/sisteryour_kid[1],uuid:fdb8ecbb-73e0-4668-b6b2-e920663ac7d3/survey/siblingsyour/sister/sisteryour_kid[1]/sisteryour_kid_questions[1]
1,second,الثاني,الثانية,second,الثاني,female,الثانية,alive,8,,,,,,,uuid:fdb8ecbb-73e0-4668-b6b2-e920663ac7d3/survey/siblingsyour/sister/sisteryour_kid[1],uuid:fdb8ecbb-73e0-4668-b6b2-e920663ac7d3/survey/siblingsyour/sister/sisteryour_kid[1]/sisteryour_kid_questions[2]
2,third,الثالث,الثالثة,third,الثالث,male,الثالث,alive,4,,,,,,,uuid:fdb8ecbb-73e0-4668-b6b2-e920663ac7d3/survey/siblingsyour/sister/sisteryour_kid[1],uuid:fdb8ecbb-73e0-4668-b6b2-e920663ac7d3/survey/siblingsyour/sister/sisteryour_kid[1]/sisteryour_kid_questions[3]
3,fourth,الرابع,الرابعة,fourth,الرابع,male,الرابع,alive,3,,,,,,,uuid:fdb8ecbb-73e0-4668-b6b2-e920663ac7d3/survey/siblingsyour/sister/sisteryour_kid[1],uuid:fdb8ecbb-73e0-4668-b6b2-e920663ac7d3/survey/siblingsyour/sister/sisteryour_kid[1]/sisteryour_kid_questions[4]
4,fifth,الخامس,الخامسة,fifth,الخامس,male,الخامس,alive,1,,,,,,,uuid:fdb8ecbb-73e0-4668-b6b2-e920663ac7d3/survey/siblingsyour/sister/sisteryour_kid[1],uuid:fdb8ecbb-73e0-4668-b6b2-e920663ac7d3/survey/siblingsyour/sister/sisteryour_kid[1]/sisteryour_kid_questions[5]
0,first,الأول,الأولى,first,الأول,male,الأول,alive,4,,,,,,,uuid:1b58c246-e405-4a8d-826e-3f4de89fafed/survey/siblingsyour/sister/sisteryour_kid[2],uuid:1b58c246-e405-4a8d-826e-3f4de89fafed/survey/siblingsyour/sister/sisteryour_kid[2]/sisteryour_kid_questions[1]
1,second,الثاني,الثانية,second,الثاني,female,الثانية,alive,2,,,,,,,uuid:1b58c246-e405-4a8d-826e-3f4de89fafed/survey/siblingsyour/sister/sisteryour_kid[2],uuid:1b58c246-e405-4a8d-826e-3f4de89fafed/survey/siblingsyour/sister/sisteryour_kid[2]/sisteryour_kid_questions[2]
0,first,الأول,الأولى,first,الأول,female,الأولى,alive,23,,,,,,,uuid:932fd64c-8927-4f79-b578-c522c9096d5e/survey/siblingsyour/sister/sisteryour_kid[1],uuid:932fd64c-8927-4f79-b578-c522c9096d5e/survey/siblingsyour/sister/sisteryour_kid[1]/sisteryour_kid_questions[1]
1,second,الثاني,الثانية,second,الثاني,male,الثاني,alive,19,,,,,,,uuid:932fd64c-8927-4f79-b578-c522c9096d5e/survey/siblingsyour/sister/sisteryour_kid[1],uuid:932fd64c-8927-4f79-b578-c522c9096d5e/survey/siblingsyour/sister/sisteryour_kid[1]/sisteryour_kid_questions[2]
2,third,الثالث,الثالثة,third,الثالث,female,الثالثة,alive,15,,,,,,,uuid:932fd64c-8927-4f79-b578-c522c9096d5e/survey/siblingsyour/sister/sisteryour_kid[1],uuid:932fd64c-8927-4f79-b578-c522c9096d5e/survey/siblingsyour/sister/sisteryour_kid[1]/sisteryour_kid_questions[3]
3,fourth,الرابع,الرابعة,fourth,الرابع,male,الرابع,alive,9,,,,,,,uuid:932fd64c-8927-4f79-b578-c522c9096d5e/survey/siblingsyour/sister/sisteryour_kid[1],uuid:932fd64c-8927-4f79-b578-c522c9096d5e/survey/siblingsyour/sister/sisteryour_kid[1]/sisteryour_kid_questions[4]
0,first,الأول,الأولى,first,الأول,female,الأولى,alive,19,,,,,,,uuid:932fd64c-8927-4f79-b578-c522c9096d5e/survey/siblingsyour/sister/sisteryour_kid[2],uuid:932fd64c-8927-4f79-b578-c522c9096d5e/survey/siblingsyour/sister/sisteryour_kid[2]/sisteryour_kid_questions[1]
1,second,الثاني,الثانية,second,الثاني,male,الثاني,alive,14,,,,,,,uuid:932fd64c-8927-4f79-b578-c522c9096d5e/survey/siblingsyour/sister/sisteryour_kid[2],uuid:932fd64c-8927-4f79-b578-c522c9096d5e/survey/siblingsyour/sister/sisteryour_kid[2]/sisteryour_kid_questions[2]
2,third,الثالث,الثالثة,third,الثالث,male,الثالث,alive,9,,,,,,,uuid:932fd64c-8927-4f79-b578-c522c9096d5e/survey/siblingsyour/sister/sisteryour_kid[2],uuid:932fd64c-8927-4f79-b578-c522c9096d5e/survey/siblingsyour/sister/sisteryour_kid[2]/sisteryour_kid_questions[3]
0,first,الأول,الأولى,first,الأول,female,الأولى,alive,15,,,,,,,uuid:932fd64c-8927-4f79-b578-c522c9096d5e/survey/siblingsyour/sister/sisteryour_kid[3],uuid:932fd64c-8927-4f79-b578-c522c9096d5e/survey/siblingsyour/sister/sisteryour_kid[3]/sisteryour_kid_questions[1]
1,second,الثاني,الثانية,second,الثاني,male,الثاني,alive,11,,,,,,,uuid:932fd64c-8927-4f79-b578-c522c9096d5e/survey/siblingsyour/sister/sisteryour_kid[3],uuid:932fd64c-8927-4f79-b578-c522c9096d5e/survey/siblingsyour/sister/sisteryour_kid[3]/sisteryour_kid_questions[2]
2,third,الثالث,الثالثة,third,الثالث,female,الثالثة,alive,1,,,,,,,uuid:932fd64c-8927-4f79-b578-c522c9096d5e/survey/siblingsyour/sister/sisteryour_kid[3],uuid:932fd64c-8927-4f79-b578-c522c9096d5e/survey/siblingsyour/sister/sisteryour_kid[3]/sisteryour_kid_questions[3]
0,first,الأول,الأولى,first,الأول,male,الأول,alive,18,,,,,,,uuid:d89736b7-ad05-494a-9c85-4ccbd523c5c6/survey/siblingsyour/sister/sisteryour_kid[1],uuid:d89736b7-ad05-494a-9c85-4ccbd523c5c6/survey/siblingsyour/sister/sisteryour_kid[1]/sisteryour_kid_questions[1]
1,second,الثاني,الثانية,second,الثاني,male,الثاني,alive,13,,,,,,,uuid:d89736b7-ad05-494a-9c85-4ccbd523c5c6/survey/siblingsyour/sister/sisteryour_kid[1],uuid:d89736b7-ad05-494a-9c85-4ccbd523c5c6/survey/siblingsyour/sister/sisteryour_kid[1]/sisteryour_kid_questions[2]
0,first,الأول,الأولى,,,female,,alive,7,,,,,,,uuid:0d305a95-363e-415c-99cc-88a99280b53a/survey/siblingsyour/sister/sisteryour_kid[1],uuid:0d305a95-363e-415c-99cc-88a99280b53a/survey/siblingsyour/sister/sisteryour_kid[1]/sisteryour_kid_questions[1]
0,first,الأول,الأولى,first,الأول,female,الأولى,alive,8,,,,,,,uuid:071d8356-de47-4764-bcdf-79daae409d8e/survey/siblingsyour/sister/sisteryour_kid[1],uuid:071d8356-de47-4764-bcdf-79daae409d8e/survey/siblingsyour/sister/sisteryour_kid[1]/sisteryour_kid_questions[1]
1,second,الثاني,الثانية,second,الثاني,female,الثانية,alive,8,,,,,,,uuid:071d8356-de47-4764-bcdf-79daae409d8e/survey/siblingsyour/sister/sisteryour_kid[1],uuid:071d8356-de47-4764-bcdf-79daae409d8e/survey/siblingsyour/sister/sisteryour_kid[1]/sisteryour_kid_questions[2]
2,third,الثالث,الثالثة,third,الثالث,male,الثالث,alive,5,,,,,,,uuid:071d8356-de47-4764-bcdf-79daae409d8e/survey/siblingsyour/sister/sisteryour_kid[1],uuid:071d8356-de47-4764-bcdf-79daae409d8e/survey/siblingsyour/sister/sisteryour_kid[1]/sisteryour_kid_questions[3]
3,fourth,الرابع,الرابعة,fourth,الرابع,female,الرابعة,alive,2,,,,,,,uuid:071d8356-de47-4764-bcdf-79daae409d8e/survey/siblingsyour/sister/sisteryour_kid[1],uuid:071d8356-de47-4764-bcdf-79daae409d8e/survey/siblingsyour/sister/sisteryour_kid[1]/sisteryour_kid_questions[4]
0,first,الأول,الأولى,first,الأول,male,الأول,alive,5,,,,,,,uuid:071d8356-de47-4764-bcdf-79daae409d8e/survey/siblingsyour/sister/sisteryour_kid[2],uuid:071d8356-de47-4764-bcdf-79daae409d8e/survey/siblingsyour/sister/sisteryour_kid[2]/sisteryour_kid_questions[1]
1,second,الثاني,الثانية,second,الثاني,female,الثانية,alive,3,,,,,,,uuid:071d8356-de47-4764-bcdf-79daae409d8e/survey/siblingsyour/sister/sisteryour_kid[2],uuid:071d8356-de47-4764-bcdf-79daae409d8e/survey/siblingsyour/sister/sisteryour_kid[2]/sisteryour_kid_questions[2]
0,first,الأول,الأولى,,,male,,alive,2,,,,,,,uuid:f181c343-2478-4b69-ab2e-743df2f0347d/survey/siblingsyour/sister/sisteryour_kid[1],uuid:f181c343-2478-4b69-ab2e-743df2f0347d/survey/siblingsyour/sister/sisteryour_kid[1]/sisteryour_kid_questions[1]
0,first,الأول,الأولى,first,الأول,male,الأول,alive,24,,,,,,,uuid:e3da7454-f609-4503-b800-6a8830fc65e0/survey/siblingsyour/sister/sisteryour_kid[1],uuid:e3da7454-f609-4503-b800-6a8830fc65e0/survey/siblingsyour/sister/sisteryour_kid[1]/sisteryour_kid_questions[1]
1,second,الثاني,الثانية,second,الثاني,female,الثانية,alive,22,,,,,,,uuid:e3da7454-f609-4503-b800-6a8830fc65e0/survey/siblingsyour/sister/sisteryour_kid[1],uuid:e3da7454-f609-4503-b800-6a8830fc65e0/survey/siblingsyour/sister/sisteryour_kid[1]/sisteryour_kid_questions[2]
2,third,الثالث,الثالثة,third,الثالث,male,الثالث,alive,18,,,,,,,uuid:e3da7454-f609-4503-b800-6a8830fc65e0/survey/siblingsyour/sister/sisteryour_kid[1],uuid:e3da7454-f609-4503-b800-6a8830fc65e0/survey/siblingsyour/sister/sisteryour_kid[1]/sisteryour_kid_questions[3]
3,fourth,الرابع,الرابعة,fourth,الرابع,female,الرابعة,alive,10,,,,,,,uuid:e3da7454-f609-4503-b800-6a8830fc65e0/survey/siblingsyour/sister/sisteryour_kid[1],uuid:e3da7454-f609-4503-b800-6a8830fc65e0/survey/siblingsyour/sister/sisteryour_kid[1]/sisteryour_kid_questions[4]
0,first,الأول,الأولى,first,الأول,female,الأولى,alive,7,,,,,,,uuid:e3da7454-f609-4503-b800-6a8830fc65e0/survey/siblingsyour/sister/sisteryour_kid[2],uuid:e3da7454-f609-4503-b800-6a8830fc65e0/survey/siblingsyour/sister/sisteryour_kid[2]/sisteryour_kid_questions[1]
1,second,الثاني,الثانية,second,الثاني,female,الثانية,alive,4,,,,,,,uuid:e3da7454-f609-4503-b800-6a8830fc65e0/survey/siblingsyour/sister/sisteryour_kid[2],uuid:e3da7454-f609-4503-b800-6a8830fc65e0/survey/siblingsyour/sister/sisteryour_kid[2]/sisteryour_kid_questions[2]
0,first,الأول,الأولى,,,male,,alive,4,,,,,,,uuid:e3da7454-f609-4503-b800-6a8830fc65e0/survey/siblingsyour/sister/sisteryour_kid[3],uuid:e3da7454-f609-4503-b800-6a8830fc65e0/survey/siblingsyour/sister/sisteryour_kid[3]/sisteryour_kid_questions[1]
0,first,الأول,الأولى,,,female,,alive,1,,,,,,,uuid:e3da7454-f609-4503-b800-6a8830fc65e0/survey/siblingsyour/sister/sisteryour_kid[4],uuid:e3da7454-f609-4503-b800-6a8830fc65e0/survey/siblingsyour/sister/sisteryour_kid[4]/sisteryour_kid_questions[1]
0,first,الأول,الأولى,first,الأول,male,الأول,alive,5,,,,,,,uuid:49fb5af5-29dc-404a-a403-3aadd4ae4510/survey/siblingsyour/sister/sisteryour_kid[2],uuid:49fb5af5-29dc-404a-a403-3aadd4ae4510/survey/siblingsyour/sister/sisteryour_kid[2]/sisteryour_kid_questions[1]
1,second,الثاني,الثانية,second,الثاني,female,الثانية,alive,2,,,,,,,uuid:49fb5af5-29dc-404a-a403-3aadd4ae4510/survey/siblingsyour/sister/sisteryour_kid[2],uuid:49fb5af5-29dc-404a-a403-3aadd4ae4510/survey/siblingsyour/sister/sisteryour_kid[2]/sisteryour_kid_questions[2]
0,first,الأول,الأولى,,,male,,alive,4,,,,,,,uuid:49fb5af5-29dc-404a-a403-3aadd4ae4510/survey/siblingsyour/sister/sisteryour_kid[3],uuid:49fb5af5-29dc-404a-a403-3aadd4ae4510/survey/siblingsyour/sister/sisteryour_kid[3]/sisteryour_kid_questions[1]
0,first,الأول,الأولى,first,الأول,female,الأولى,alive,46,,,,,,,uuid:5e614925-c042-4cfc-a2bf-895f46d771c9/survey/siblingsyour/sister/sisteryour_kid[1],uuid:5e614925-c042-4cfc-a2bf-895f46d771c9/survey/siblingsyour/sister/sisteryour_kid[1]/sisteryour_kid_questions[1]
1,second,الثاني,الثانية,second,الثاني,female,الثانية,alive,42,,,,,,,uuid:5e614925-c042-4cfc-a2bf-895f46d771c9/survey/siblingsyour/sister/sisteryour_kid[1],uuid:5e614925-c042-4cfc-a2bf-895f46d771c9/survey/siblingsyour/sister/sisteryour_kid[1]/sisteryour_kid_questions[2]
2,third,الثالث,الثالثة,third,الثالث,female,الثالثة,alive,30,,,,,,,uuid:5e614925-c042-4cfc-a2bf-895f46d771c9/survey/siblingsyour/sister/sisteryour_kid[1],uuid:5e614925-c042-4cfc-a2bf-895f46d771c9/survey/siblingsyour/sister/sisteryour_kid[1]/sisteryour_kid_questions[3]
3,fourth,الرابع,الرابعة,fourth,الرابع,female,الرابعة,alive,28,,,,,,,uuid:5e614925-c042-4cfc-a2bf-895f46d771c9/survey/siblingsyour/sister/sisteryour_kid[1],uuid:5e614925-c042-4cfc-a2bf-895f46d771c9/survey/siblingsyour/sister/sisteryour_kid[1]/sisteryour_kid_questions[4]
4,fifth,الخامس,الخامسة,fifth,الخامس,female,الخامسة,alive,25,,,,,,,uuid:5e614925-c042-4cfc-a2bf-895f46d771c9/survey/siblingsyour/sister/sisteryour_kid[1],uuid:5e614925-c042-4cfc-a2bf-895f46d771c9/survey/siblingsyour/sister/sisteryour_kid[1]/sisteryour_kid_questions[5]
5,sixth,السادس,السادسة,sixth,السادس,female,السادسة,alive,20,,,,,,,uuid:5e614925-c042-4cfc-a2bf-895f46d771c9/survey/siblingsyour/sister/sisteryour_kid[1],uuid:5e614925-c042-4cfc-a2bf-895f46d771c9/survey/siblingsyour/sister/sisteryour_kid[1]/sisteryour_kid_questions[6]
6,seventh,السابع,السابعة,seventh,السابع,male,السابع,alive,18,,,,,,,uuid:5e614925-c042-4cfc-a2bf-895f46d771c9/survey/siblingsyour/sister/sisteryour_kid[1],uuid:5e614925-c042-4cfc-a2bf-895f46d771c9/survey/siblingsyour/sister/sisteryour_kid[1]/sisteryour_kid_questions[7]
0,first,الأول,الأولى,first,الأول,male,الأول,alive,30,,,,,,,uuid:5e614925-c042-4cfc-a2bf-895f46d771c9/survey/siblingsyour/sister/sisteryour_kid[2],uuid:5e614925-c042-4cfc-a2bf-895f46d771c9/survey/siblingsyour/sister/sisteryour_kid[2]/sisteryour_kid_questions[1]
1,second,الثاني,الثانية,second,الثاني,male,الثاني,alive,25,,,,,,,uuid:5e614925-c042-4cfc-a2bf-895f46d771c9/survey/siblingsyour/sister/sisteryour_kid[2],uuid:5e614925-c042-4cfc-a2bf-895f46d771c9/survey/siblingsyour/sister/sisteryour_kid[2]/sisteryour_kid_questions[2]
0,first,الأول,الأولى,first,الأول,female,الأولى,alive,25,,,,,,,uuid:5e614925-c042-4cfc-a2bf-895f46d771c9/survey/siblingsyour/sister/sisteryour_kid[3],uuid:5e614925-c042-4cfc-a2bf-895f46d771c9/survey/siblingsyour/sister/sisteryour_kid[3]/sisteryour_kid_questions[1]
1,second,الثاني,الثانية,second,الثاني,male,الثاني,alive,23,,,,,,,uuid:5e614925-c042-4cfc-a2bf-895f46d771c9/survey/siblingsyour/sister/sisteryour_kid[3],uuid:5e614925-c042-4cfc-a2bf-895f46d771c9/survey/siblingsyour/sister/sisteryour_kid[3]/sisteryour_kid_questions[2]
2,third,الثالث,الثالثة,third,الثالث,female,الثالثة,alive,18,,,,,,,uuid:5e614925-c042-4cfc-a2bf-895f46d771c9/survey/siblingsyour/sister/sisteryour_kid[3],uuid:5e614925-c042-4cfc-a2bf-895f46d771c9/survey/siblingsyour/sister/sisteryour_kid[3]/sisteryour_kid_questions[3]
0,first,الأول,الأولى,first,الأول,male,الأول,alive,26,,,,,,,uuid:431737a6-830c-44ff-abaf-370d849bcee3/survey/siblingsyour/sister/sisteryour_kid[1],uuid:431737a6-830c-44ff-abaf-370d849bcee3/survey/siblingsyour/sister/sisteryour_kid[1]/sisteryour_kid_questions[1]
1,second,الثاني,الثانية,second,الثاني,female,الثانية,alive,24,,,,,,,uuid:431737a6-830c-44ff-abaf-370d849bcee3/survey/siblingsyour/sister/sisteryour_kid[1],uuid:431737a6-830c-44ff-abaf-370d849bcee3/survey/siblingsyour/sister/sisteryour_kid[1]/sisteryour_kid_questions[2]
2,third,الثالث,الثالثة,third,الثالث,female,الثالثة,alive,20,,,,,,,uuid:431737a6-830c-44ff-abaf-370d849bcee3/survey/siblingsyour/sister/sisteryour_kid[1],uuid:431737a6-830c-44ff-abaf-370d849bcee3/survey/siblingsyour/sister/sisteryour_kid[1]/sisteryour_kid_questions[3]
3,fourth,الرابع,الرابعة,fourth,الرابع,female,الرابعة,alive,16,,,,,,,uuid:431737a6-830c-44ff-abaf-370d849bcee3/survey/siblingsyour/sister/sisteryour_kid[1],uuid:431737a6-830c-44ff-abaf-370d849bcee3/survey/siblingsyour/sister/sisteryour_kid[1]/sisteryour_kid_questions[4]
4,fifth,الخامس,الخامسة,fifth,الخامس,female,الخامسة,alive,11,,,,,,,uuid:431737a6-830c-44ff-abaf-370d849bcee3/survey/siblingsyour/sister/sisteryour_kid[1],uuid:431737a6-830c-44ff-abaf-370d849bcee3/survey/siblingsyour/sister/sisteryour_kid[1]/sisteryour_kid_questions[5]
0,first,الأول,الأولى,first,الأول,female,الأولى,alive,7,,,,,,,uuid:431737a6-830c-44ff-abaf-370d849bcee3/survey/siblingsyour/sister/sisteryour_kid[2],uuid:431737a6-830c-44ff-abaf-370d849bcee3/survey/siblingsyour/sister/sisteryour_kid[2]/sisteryour_kid_questions[1]
1,second,الثاني,الثانية,second,الثاني,male,الثاني,alive,1,,,,,,,uuid:431737a6-830c-44ff-abaf-370d849bcee3/survey/siblingsyour/sister/sisteryour_kid[2],uuid:431737a6-830c-44ff-abaf-370d849bcee3/survey/siblingsyour/sister/sisteryour_kid[2]/sisteryour_kid_questions[2]
0,first,الأول,الأولى,first,الأول,female,الأولى,alive,27,,,,,,,uuid:a5632601-e3d9-41ab-b1ee-ae2250cfa4a4/survey/siblingsyour/sister/sisteryour_kid[1],uuid:a5632601-e3d9-41ab-b1ee-ae2250cfa4a4/survey/siblingsyour/sister/sisteryour_kid[1]/sisteryour_kid_questions[1]
1,second,الثاني,الثانية,second,الثاني,female,الثانية,alive,19,,,,,,,uuid:a5632601-e3d9-41ab-b1ee-ae2250cfa4a4/survey/siblingsyour/sister/sisteryour_kid[1],uuid:a5632601-e3d9-41ab-b1ee-ae2250cfa4a4/survey/siblingsyour/sister/sisteryour_kid[1]/sisteryour_kid_questions[2]
2,third,الثالث,الثالثة,third,الثالث,female,الثالثة,alive,18,,,,,,,uuid:a5632601-e3d9-41ab-b1ee-ae2250cfa4a4/survey/siblingsyour/sister/sisteryour_kid[1],uuid:a5632601-e3d9-41ab-b1ee-ae2250cfa4a4/survey/siblingsyour/sister/sisteryour_kid[1]/sisteryour_kid_questions[3]
0,first,الأول,الأولى,first,الأول,male,الأول,alive,21,,,,,,,uuid:a5632601-e3d9-41ab-b1ee-ae2250cfa4a4/survey/siblingsyour/sister/sisteryour_kid[2],uuid:a5632601-e3d9-41ab-b1ee-ae2250cfa4a4/survey/siblingsyour/sister/sisteryour_kid[2]/sisteryour_kid_questions[1]
1,second,الثاني,الثانية,second,الثاني,female,الثانية,alive,19,,,,,,,uuid:a5632601-e3d9-41ab-b1ee-ae2250cfa4a4/survey/siblingsyour/sister/sisteryour_kid[2],uuid:a5632601-e3d9-41ab-b1ee-ae2250cfa4a4/survey/siblingsyour/sister/sisteryour_kid[2]/sisteryour_kid_questions[2]
0,first,الأول,الأولى,first,الأول,female,الأولى,alive,39,,,,,,,uuid:b1313f0c-b75a-4f0d-a16b-500fe80bd88e/survey/siblingsyour/sister/sisteryour_kid[1],uuid:b1313f0c-b75a-4f0d-a16b-500fe80bd88e/survey/siblingsyour/sister/sisteryour_kid[1]/sisteryour_kid_questions[1]
1,second,الثاني,الثانية,second,الثاني,male,الثاني,alive,33,,,,,,,uuid:b1313f0c-b75a-4f0d-a16b-500fe80bd88e/survey/siblingsyour/sister/sisteryour_kid[1],uuid:b1313f0c-b75a-4f0d-a16b-500fe80bd88e/survey/siblingsyour/sister/sisteryour_kid[1]/sisteryour_kid_questions[2]
2,third,الثالث,الثالثة,third,الثالث,female,الثالثة,alive,30,,,,,,,uuid:b1313f0c-b75a-4f0d-a16b-500fe80bd88e/survey/siblingsyour/sister/sisteryour_kid[1],uuid:b1313f0c-b75a-4f0d-a16b-500fe80bd88e/survey/siblingsyour/sister/sisteryour_kid[1]/sisteryour_kid_questions[3]
0,first,الأول,الأولى,first,الأول,female,الأولى,alive,12,,,,,,,uuid:b1313f0c-b75a-4f0d-a16b-500fe80bd88e/survey/siblingsyour/sister/sisteryour_kid[2],uuid:b1313f0c-b75a-4f0d-a16b-500fe80bd88e/survey/siblingsyour/sister/sisteryour_kid[2]/sisteryour_kid_questions[1]
1,second,الثاني,الثانية,second,الثاني,female,الثانية,alive,8,,,,,,,uuid:b1313f0c-b75a-4f0d-a16b-500fe80bd88e/survey/siblingsyour/sister/sisteryour_kid[2],uuid:b1313f0c-b75a-4f0d-a16b-500fe80bd88e/survey/siblingsyour/sister/sisteryour_kid[2]/sisteryour_kid_questions[2]
0,first,الأول,الأولى,,,male,,alive,7,,,,,,,uuid:033c8225-e861-4d68-b9d3-27f574f96a14/survey/siblingsyour/sister/sisteryour_kid[1],uuid:033c8225-e861-4d68-b9d3-27f574f96a14/survey/siblingsyour/sister/sisteryour_kid[1]/sisteryour_kid_questions[1]
0,first,الأول,الأولى,first,الأول,male,الأول,alive,22,,,,,,,uuid:815730e3-7c41-44e5-84b6-ea697506b494/survey/siblingsyour/sister/sisteryour_kid[1],uuid:815730e3-7c41-44e5-84b6-ea697506b494/survey/siblingsyour/sister/sisteryour_kid[1]/sisteryour_kid_questions[1]
1,second,الثاني,الثانية,second,الثاني,female,الثانية,alive,17,,,,,,,uuid:815730e3-7c41-44e5-84b6-ea697506b494/survey/siblingsyour/sister/sisteryour_kid[1],uuid:815730e3-7c41-44e5-84b6-ea697506b494/survey/siblingsyour/sister/sisteryour_kid[1]/sisteryour_kid_questions[2]
2,third,الثالث,الثالثة,third,الثالث,female,الثالثة,alive,15,,,,,,,uuid:815730e3-7c41-44e5-84b6-ea697506b494/survey/siblingsyour/sister/sisteryour_kid[1],uuid:815730e3-7c41-44e5-84b6-ea697506b494/survey/siblingsyour/sister/sisteryour_kid[1]/sisteryour_kid_questions[3]
0,first,الأول,الأولى,first,الأول,male,الأول,alive,7,,,,,,,uuid:5cc24827-2b3f-4388-84ae-ae2997ad6559/survey/siblingsyour/sister/sisteryour_kid[1],uuid:5cc24827-2b3f-4388-84ae-ae2997ad6559/survey/siblingsyour/sister/sisteryour_kid[1]/sisteryour_kid_questions[1]
1,second,الثاني,الثانية,second,الثاني,male,الثاني,alive,5,,,,,,,uuid:5cc24827-2b3f-4388-84ae-ae2997ad6559/survey/siblingsyour/sister/sisteryour_kid[1],uuid:5cc24827-2b3f-4388-84ae-ae2997ad6559/survey/siblingsyour/sister/sisteryour_kid[1]/sisteryour_kid_questions[2]
0,first,الأول,الأولى,,,female,,alive,14,,,,,,,uuid:5cc24827-2b3f-4388-84ae-ae2997ad6559/survey/siblingsyour/sister/sisteryour_kid[3],uuid:5cc24827-2b3f-4388-84ae-ae2997ad6559/survey/siblingsyour/sister/sisteryour_kid[3]/sisteryour_kid_questions[1]
0,first,الأول,الأولى,,,female,,alive,5,,,,,,,uuid:5cc24827-2b3f-4388-84ae-ae2997ad6559/survey/siblingsyour/sister/sisteryour_kid[6],uuid:5cc24827-2b3f-4388-84ae-ae2997ad6559/survey/siblingsyour/sister/sisteryour_kid[6]/sisteryour_kid_questions[1]
0,first,الأول,الأولى,first,الأول,male,الأول,alive,25,,,,,,,uuid:7fb72d12-347f-494d-890e-d34efea88964/survey/siblingsyour/sister/sisteryour_kid[1],uuid:7fb72d12-347f-494d-890e-d34efea88964/survey/siblingsyour/sister/sisteryour_kid[1]/sisteryour_kid_questions[1]
1,second,الثاني,الثانية,second,الثاني,male,الثاني,alive,22,,,,,,,uuid:7fb72d12-347f-494d-890e-d34efea88964/survey/siblingsyour/sister/sisteryour_kid[1],uuid:7fb72d12-347f-494d-890e-d34efea88964/survey/siblingsyour/sister/sisteryour_kid[1]/sisteryour_kid_questions[2]
0,first,الأول,الأولى,first,الأول,male,الأول,alive,8,,,,,,,uuid:7d84d10e-754a-4b8f-b62e-0c8df8fbcec0/survey/siblingsyour/sister/sisteryour_kid[1],uuid:7d84d10e-754a-4b8f-b62e-0c8df8fbcec0/survey/siblingsyour/sister/sisteryour_kid[1]/sisteryour_kid_questions[1]
1,second,الثاني,الثانية,second,الثاني,male,الثاني,alive,5,,,,,,,uuid:7d84d10e-754a-4b8f-b62e-0c8df8fbcec0/survey/siblingsyour/sister/sisteryour_kid[1],uuid:7d84d10e-754a-4b8f-b62e-0c8df8fbcec0/survey/siblingsyour/sister/sisteryour_kid[1]/sisteryour_kid_questions[2]
0,first,الأول,الأولى,,,female,,alive,13,,,,,,,uuid:7d84d10e-754a-4b8f-b62e-0c8df8fbcec0/survey/siblingsyour/sister/sisteryour_kid[3],uuid:7d84d10e-754a-4b8f-b62e-0c8df8fbcec0/survey/siblingsyour/sister/sisteryour_kid[3]/sisteryour_kid_questions[1]
0,first,الأول,الأولى,,,female,,alive,3,,,,,,,uuid:7d84d10e-754a-4b8f-b62e-0c8df8fbcec0/survey/siblingsyour/sister/sisteryour_kid[5],uuid:7d84d10e-754a-4b8f-b62e-0c8df8fbcec0/survey/siblingsyour/sister/sisteryour_kid[5]/sisteryour_kid_questions[1]
0,first,الأول,الأولى,first,الأول,male,الأول,alive,40,,,,,,,uuid:8eea0741-2fcb-4c78-a743-06cc8c1a7396/survey/siblingsyour/sister/sisteryour_kid[1],uuid:8eea0741-2fcb-4c78-a743-06cc8c1a7396/survey/siblingsyour/sister/sisteryour_kid[1]/sisteryour_kid_questions[1]
1,second,الثاني,الثانية,second,الثاني,male,الثاني,alive,39,,,,,,,uuid:8eea0741-2fcb-4c78-a743-06cc8c1a7396/survey/siblingsyour/sister/sisteryour_kid[1],uuid:8eea0741-2fcb-4c78-a743-06cc8c1a7396/survey/siblingsyour/sister/sisteryour_kid[1]/sisteryour_kid_questions[2]
2,third,الثالث,الثالثة,third,الثالث,male,الثالث,alive,38,,,,,,,uuid:8eea0741-2fcb-4c78-a743-06cc8c1a7396/survey/siblingsyour/sister/sisteryour_kid[1],uuid:8eea0741-2fcb-4c78-a743-06cc8c1a7396/survey/siblingsyour/sister/sisteryour_kid[1]/sisteryour_kid_questions[3]
3,fourth,الرابع,الرابعة,fourth,الرابع,female,الرابعة,alive,36,,,,,,,uuid:8eea0741-2fcb-4c78-a743-06cc8c1a7396/survey/siblingsyour/sister/sisteryour_kid[1],uuid:8eea0741-2fcb-4c78-a743-06cc8c1a7396/survey/siblingsyour/sister/sisteryour_kid[1]/sisteryour_kid_questions[4]
4,fifth,الخامس,الخامسة,fifth,الخامس,female,الخامسة,alive,33,,,,,,,uuid:8eea0741-2fcb-4c78-a743-06cc8c1a7396/survey/siblingsyour/sister/sisteryour_kid[1],uuid:8eea0741-2fcb-4c78-a743-06cc8c1a7396/survey/siblingsyour/sister/sisteryour_kid[1]/sisteryour_kid_questions[5]
0,first,الأول,الأولى,first,الأول,female,الأولى,alive,40,,,,,,,uuid:8eea0741-2fcb-4c78-a743-06cc8c1a7396/survey/siblingsyour/sister/sisteryour_kid[2],uuid:8eea0741-2fcb-4c78-a743-06cc8c1a7396/survey/siblingsyour/sister/sisteryour_kid[2]/sisteryour_kid_questions[1]
1,second,الثاني,الثانية,second,الثاني,male,الثاني,alive,38,,,,,,,uuid:8eea0741-2fcb-4c78-a743-06cc8c1a7396/survey/siblingsyour/sister/sisteryour_kid[2],uuid:8eea0741-2fcb-4c78-a743-06cc8c1a7396/survey/siblingsyour/sister/sisteryour_kid[2]/sisteryour_kid_questions[2]
2,third,الثالث,الثالثة,third,الثالث,female,الثالثة,alive,35,,,,,,,uuid:8eea0741-2fcb-4c78-a743-06cc8c1a7396/survey/siblingsyour/sister/sisteryour_kid[2],uuid:8eea0741-2fcb-4c78-a743-06cc8c1a7396/survey/siblingsyour/sister/sisteryour_kid[2]/sisteryour_kid_questions[3]
3,fourth,الرابع,الرابعة,fourth,الرابع,female,الرابعة,alive,33,,,,,,,uuid:8eea0741-2fcb-4c78-a743-06cc8c1a7396/survey/siblingsyour/sister/sisteryour_kid[2],uuid:8eea0741-2fcb-4c78-a743-06cc8c1a7396/survey/siblingsyour/sister/sisteryour_kid[2]/sisteryour_kid_questions[4]
4,fifth,الخامس,الخامسة,fifth,الخامس,male,الخامس,alive,25,,,,,,,uuid:8eea0741-2fcb-4c78-a743-06cc8c1a7396/survey/siblingsyour/sister/sisteryour_kid[2],uuid:8eea0741-2fcb-4c78-a743-06cc8c1a7396/survey/siblingsyour/sister/sisteryour_kid[2]/sisteryour_kid_questions[5]
0,first,الأول,الأولى,first,الأول,male,الأول,alive,29,,,,,,,uuid:8eea0741-2fcb-4c78-a743-06cc8c1a7396/survey/siblingsyour/sister/sisteryour_kid[3],uuid:8eea0741-2fcb-4c78-a743-06cc8c1a7396/survey/siblingsyour/sister/sisteryour_kid[3]/sisteryour_kid_questions[1]
1,second,الثاني,الثانية,second,الثاني,female,الثانية,alive,27,,,,,,,uuid:8eea0741-2fcb-4c78-a743-06cc8c1a7396/survey/siblingsyour/sister/sisteryour_kid[3],uuid:8eea0741-2fcb-4c78-a743-06cc8c1a7396/survey/siblingsyour/sister/sisteryour_kid[3]/sisteryour_kid_questions[2]
2,third,الثالث,الثالثة,third,الثالث,male,الثالث,alive,21,,,,,,,uuid:8eea0741-2fcb-4c78-a743-06cc8c1a7396/survey/siblingsyour/sister/sisteryour_kid[3],uuid:8eea0741-2fcb-4c78-a743-06cc8c1a7396/survey/siblingsyour/sister/sisteryour_kid[3]/sisteryour_kid_questions[3]
3,fourth,الرابع,الرابعة,fourth,الرابع,male,الرابع,alive,19,,,,,,,uuid:8eea0741-2fcb-4c78-a743-06cc8c1a7396/survey/siblingsyour/sister/sisteryour_kid[3],uuid:8eea0741-2fcb-4c78-a743-06cc8c1a7396/survey/siblingsyour/sister/sisteryour_kid[3]/sisteryour_kid_questions[4]
0,first,الأول,الأولى,first,الأول,female,الأولى,alive,22,,,,,,,uuid:e76183e2-bbe1-4d97-9a5f-1b7e2580c5b9/survey/siblingsyour/sister/sisteryour_kid[1],uuid:e76183e2-bbe1-4d97-9a5f-1b7e2580c5b9/survey/siblingsyour/sister/sisteryour_kid[1]/sisteryour_kid_questions[1]
1,second,الثاني,الثانية,second,الثاني,male,الثاني,alive,18,,,,,,,uuid:e76183e2-bbe1-4d97-9a5f-1b7e2580c5b9/survey/siblingsyour/sister/sisteryour_kid[1],uuid:e76183e2-bbe1-4d97-9a5f-1b7e2580c5b9/survey/siblingsyour/sister/sisteryour_kid[1]/sisteryour_kid_questions[2]
0,first,الأول,الأولى,first,الأول,male,الأول,alive,25,,,,,,,uuid:e76183e2-bbe1-4d97-9a5f-1b7e2580c5b9/survey/siblingsyour/sister/sisteryour_kid[2],uuid:e76183e2-bbe1-4d97-9a5f-1b7e2580c5b9/survey/siblingsyour/sister/sisteryour_kid[2]/sisteryour_kid_questions[1]
1,second,الثاني,الثانية,second,الثاني,female,الثانية,alive,22,,,,,,,uuid:e76183e2-bbe1-4d97-9a5f-1b7e2580c5b9/survey/siblingsyour/sister/sisteryour_kid[2],uuid:e76183e2-bbe1-4d97-9a5f-1b7e2580c5b9/survey/siblingsyour/sister/sisteryour_kid[2]/sisteryour_kid_questions[2]
2,third,الثالث,الثالثة,third,الثالث,female,الثالثة,alive,19,,,,,,,uuid:e76183e2-bbe1-4d97-9a5f-1b7e2580c5b9/survey/siblingsyour/sister/sisteryour_kid[2],uuid:e76183e2-bbe1-4d97-9a5f-1b7e2580c5b9/survey/siblingsyour/sister/sisteryour_kid[2]/sisteryour_kid_questions[3]
0,first,الأول,الأولى,first,الأول,male,الأول,alive,20,,,,,,,uuid:feda2c47-36fc-4489-87ab-f567b088f8e9/survey/siblingsyour/sister/sisteryour_kid[1],uuid:feda2c47-36fc-4489-87ab-f567b088f8e9/survey/siblingsyour/sister/sisteryour_kid[1]/sisteryour_kid_questions[1]
1,second,الثاني,الثانية,second,الثاني,male,الثاني,alive,18,,,,,,,uuid:feda2c47-36fc-4489-87ab-f567b088f8e9/survey/siblingsyour/sister/sisteryour_kid[1],uuid:feda2c47-36fc-4489-87ab-f567b088f8e9/survey/siblingsyour/sister/sisteryour_kid[1]/sisteryour_kid_questions[2]
2,third,الثالث,الثالثة,third,الثالث,male,الثالث,alive,17,,,,,,,uuid:feda2c47-36fc-4489-87ab-f567b088f8e9/survey/siblingsyour/sister/sisteryour_kid[1],uuid:feda2c47-36fc-4489-87ab-f567b088f8e9/survey/siblingsyour/sister/sisteryour_kid[1]/sisteryour_kid_questions[3]
3,fourth,الرابع,الرابعة,fourth,الرابع,female,الرابعة,alive,16,,,,,,,uuid:feda2c47-36fc-4489-87ab-f567b088f8e9/survey/siblingsyour/sister/sisteryour_kid[1],uuid:feda2c47-36fc-4489-87ab-f567b088f8e9/survey/siblingsyour/sister/sisteryour_kid[1]/sisteryour_kid_questions[4]
4,fifth,الخامس,الخامسة,fifth,الخامس,male,الخامس,alive,13,,,,,,,uuid:feda2c47-36fc-4489-87ab-f567b088f8e9/survey/siblingsyour/sister/sisteryour_kid[1],uuid:feda2c47-36fc-4489-87ab-f567b088f8e9/survey/siblingsyour/sister/sisteryour_kid[1]/sisteryour_kid_questions[5]
5,sixth,السادس,السادسة,sixth,السادس,male,السادس,alive,9,,,,,,,uuid:feda2c47-36fc-4489-87ab-f567b088f8e9/survey/siblingsyour/sister/sisteryour_kid[1],uuid:feda2c47-36fc-4489-87ab-f567b088f8e9/survey/siblingsyour/sister/sisteryour_kid[1]/sisteryour_kid_questions[6]
0,first,الأول,الأولى,first,الأول,male,الأول,alive,22,,,,,,,uuid:feda2c47-36fc-4489-87ab-f567b088f8e9/survey/siblingsyour/sister/sisteryour_kid[2],uuid:feda2c47-36fc-4489-87ab-f567b088f8e9/survey/siblingsyour/sister/sisteryour_kid[2]/sisteryour_kid_questions[1]
1,second,الثاني,الثانية,second,الثاني,male,الثاني,alive,20,,,,,,,uuid:feda2c47-36fc-4489-87ab-f567b088f8e9/survey/siblingsyour/sister/sisteryour_kid[2],uuid:feda2c47-36fc-4489-87ab-f567b088f8e9/survey/siblingsyour/sister/sisteryour_kid[2]/sisteryour_kid_questions[2]
2,third,الثالث,الثالثة,third,الثالث,male,الثالث,alive,17,,,,,,,uuid:feda2c47-36fc-4489-87ab-f567b088f8e9/survey/siblingsyour/sister/sisteryour_kid[2],uuid:feda2c47-36fc-4489-87ab-f567b088f8e9/survey/siblingsyour/sister/sisteryour_kid[2]/sisteryour_kid_questions[3]
3,fourth,الرابع,الرابعة,fourth,الرابع,male,الرابع,alive,16,,,,,,,uuid:feda2c47-36fc-4489-87ab-f567b088f8e9/survey/siblingsyour/sister/sisteryour_kid[2],uuid:feda2c47-36fc-4489-87ab-f567b088f8e9/survey/siblingsyour/sister/sisteryour_kid[2]/sisteryour_kid_questions[4]
0,first,الأول,الأولى,first,الأول,female,الأولى,alive,31,,,,,,,uuid:feda2c47-36fc-4489-87ab-f567b088f8e9/survey/siblingsyour/sister/sisteryour_kid[3],uuid:feda2c47-36fc-4489-87ab-f567b088f8e9/survey/siblingsyour/sister/sisteryour_kid[3]/sisteryour_kid_questions[1]
1,second,الثاني,الثانية,second,الثاني,female,الثانية,alive,29,,,,,,,uuid:feda2c47-36fc-4489-87ab-f567b088f8e9/survey/siblingsyour/sister/sisteryour_kid[3],uuid:feda2c47-36fc-4489-87ab-f567b088f8e9/survey/siblingsyour/sister/sisteryour_kid[3]/sisteryour_kid_questions[2]
2,third,الثالث,الثالثة,third,الثالث,female,الثالثة,alive,25,,,,,,,uuid:feda2c47-36fc-4489-87ab-f567b088f8e9/survey/siblingsyour/sister/sisteryour_kid[3],uuid:feda2c47-36fc-4489-87ab-f567b088f8e9/survey/siblingsyour/sister/sisteryour_kid[3]/sisteryour_kid_questions[3]
3,fourth,الرابع,الرابعة,fourth,الرابع,female,الرابعة,alive,23,,,,,,,uuid:feda2c47-36fc-4489-87ab-f567b088f8e9/survey/siblingsyour/sister/sisteryour_kid[3],uuid:feda2c47-36fc-4489-87ab-f567b088f8e9/survey/siblingsyour/sister/sisteryour_kid[3]/sisteryour_kid_questions[4]
4,fifth,الخامس,الخامسة,fifth,الخامس,female,الخامسة,alive,16,,,,,,,uuid:feda2c47-36fc-4489-87ab-f567b088f8e9/survey/siblingsyour/sister/sisteryour_kid[3],uuid:feda2c47-36fc-4489-87ab-f567b088f8e9/survey/siblingsyour/sister/sisteryour_kid[3]/sisteryour_kid_questions[5]
0,first,الأول,الأولى,first,الأول,female,الأولى,alive,23,,,,,,,uuid:feda2c47-36fc-4489-87ab-f567b088f8e9/survey/siblingsyour/sister/sisteryour_kid[4],uuid:feda2c47-36fc-4489-87ab-f567b088f8e9/survey/siblingsyour/sister/sisteryour_kid[4]/sisteryour_kid_questions[1]
1,second,الثاني,الثانية,second,الثاني,female,الثانية,alive,20,,,,,,,uuid:feda2c47-36fc-4489-87ab-f567b088f8e9/survey/siblingsyour/sister/sisteryour_kid[4],uuid:feda2c47-36fc-4489-87ab-f567b088f8e9/survey/siblingsyour/sister/sisteryour_kid[4]/sisteryour_kid_questions[2]
2,third,الثالث,الثالثة,third,الثالث,male,الثالث,alive,16,,,,,,,uuid:feda2c47-36fc-4489-87ab-f567b088f8e9/survey/siblingsyour/sister/sisteryour_kid[4],uuid:feda2c47-36fc-4489-87ab-f567b088f8e9/survey/siblingsyour/sister/sisteryour_kid[4]/sisteryour_kid_questions[3]
0,first,الأول,الأولى,first,الأول,female,الأولى,alive,18,,,,,,,uuid:feda2c47-36fc-4489-87ab-f567b088f8e9/survey/siblingsyour/sister/sisteryour_kid[5],uuid:feda2c47-36fc-4489-87ab-f567b088f8e9/survey/siblingsyour/sister/sisteryour_kid[5]/sisteryour_kid_questions[1]
1,second,الثاني,الثانية,second,الثاني,female,الثانية,alive,12,,,,,,,uuid:feda2c47-36fc-4489-87ab-f567b088f8e9/survey/siblingsyour/sister/sisteryour_kid[5],uuid:feda2c47-36fc-4489-87ab-f567b088f8e9/survey/siblingsyour/sister/sisteryour_kid[5]/sisteryour_kid_questions[2]
2,third,الثالث,الثالثة,third,الثالث,female,الثالثة,alive,10,,,,,,,uuid:feda2c47-36fc-4489-87ab-f567b088f8e9/survey/siblingsyour/sister/sisteryour_kid[5],uuid:feda2c47-36fc-4489-87ab-f567b088f8e9/survey/siblingsyour/sister/sisteryour_kid[5]/sisteryour_kid_questions[3]
0,first,الأول,الأولى,first,الأول,female,الأولى,alive,6,,,,,,,uuid:88ae2d27-06d1-4b65-b115-20930e5e5713/survey/siblingsyour/sister/sisteryour_kid[1],uuid:88ae2d27-06d1-4b65-b115-20930e5e5713/survey/siblingsyour/sister/sisteryour_kid[1]/sisteryour_kid_questions[1]
1,second,الثاني,الثانية,second,الثاني,female,الثانية,alive,2,,,,,,,uuid:88ae2d27-06d1-4b65-b115-20930e5e5713/survey/siblingsyour/sister/sisteryour_kid[1],uuid:88ae2d27-06d1-4b65-b115-20930e5e5713/survey/siblingsyour/sister/sisteryour_kid[1]/sisteryour_kid_questions[2]
0,first,الأول,الأولى,,,male,,alive,2,,,,,,,uuid:88ae2d27-06d1-4b65-b115-20930e5e5713/survey/siblingsyour/sister/sisteryour_kid[2],uuid:88ae2d27-06d1-4b65-b115-20930e5e5713/survey/siblingsyour/sister/sisteryour_kid[2]/sisteryour_kid_questions[1]
0,first,الأول,الأولى,first,الأول,male,الأول,alive,7,,,,,,,uuid:88ae2d27-06d1-4b65-b115-20930e5e5713/survey/siblingsyour/sister/sisteryour_kid[3],uuid:88ae2d27-06d1-4b65-b115-20930e5e5713/survey/siblingsyour/sister/sisteryour_kid[3]/sisteryour_kid_questions[1]
1,second,الثاني,الثانية,second,الثاني,female,الثانية,alive,2,,,,,,,uuid:88ae2d27-06d1-4b65-b115-20930e5e5713/survey/siblingsyour/sister/sisteryour_kid[3],uuid:88ae2d27-06d1-4b65-b115-20930e5e5713/survey/siblingsyour/sister/sisteryour_kid[3]/sisteryour_kid_questions[2]
0,first,الأول,الأولى,first,الأول,male,الأول,alive,20,,,,,,,uuid:56b96d89-497d-4686-bf0e-bf2c4cc74dcb/survey/siblingsyour/sister/sisteryour_kid[1],uuid:56b96d89-497d-4686-bf0e-bf2c4cc74dcb/survey/siblingsyour/sister/sisteryour_kid[1]/sisteryour_kid_questions[1]
1,second,الثاني,الثانية,second,الثاني,male,الثاني,alive,14,,,,,,,uuid:56b96d89-497d-4686-bf0e-bf2c4cc74dcb/survey/siblingsyour/sister/sisteryour_kid[1],uuid:56b96d89-497d-4686-bf0e-bf2c4cc74dcb/survey/siblingsyour/sister/sisteryour_kid[1]/sisteryour_kid_questions[2]
2,third,الثالث,الثالثة,third,الثالث,female,الثالثة,alive,9,,,,,,,uuid:56b96d89-497d-4686-bf0e-bf2c4cc74dcb/survey/siblingsyour/sister/sisteryour_kid[1],uuid:56b96d89-497d-4686-bf0e-bf2c4cc74dcb/survey/siblingsyour/sister/sisteryour_kid[1]/sisteryour_kid_questions[3]
0,first,الأول,الأولى,first,الأول,female,الأولى,alive,16,,,,,,,uuid:56b96d89-497d-4686-bf0e-bf2c4cc74dcb/survey/siblingsyour/sister/sisteryour_kid[2],uuid:56b96d89-497d-4686-bf0e-bf2c4cc74dcb/survey/siblingsyour/sister/sisteryour_kid[2]/sisteryour_kid_questions[1]
1,second,الثاني,الثانية,second,الثاني,female,الثانية,alive,12,,,,,,,uuid:56b96d89-497d-4686-bf0e-bf2c4cc74dcb/survey/siblingsyour/sister/sisteryour_kid[2],uuid:56b96d89-497d-4686-bf0e-bf2c4cc74dcb/survey/siblingsyour/sister/sisteryour_kid[2]/sisteryour_kid_questions[2]
2,third,الثالث,الثالثة,third,الثالث,male,الثالث,alive,11,,,,,,,uuid:56b96d89-497d-4686-bf0e-bf2c4cc74dcb/survey/siblingsyour/sister/sisteryour_kid[2],uuid:56b96d89-497d-4686-bf0e-bf2c4cc74dcb/survey/siblingsyour/sister/sisteryour_kid[2]/sisteryour_kid_questions[3]
3,fourth,الرابع,الرابعة,fourth,الرابع,male,الرابع,alive,0,,,,,,,uuid:56b96d89-497d-4686-bf0e-bf2c4cc74dcb/survey/siblingsyour/sister/sisteryour_kid[2],uuid:56b96d89-497d-4686-bf0e-bf2c4cc74dcb/survey/siblingsyour/sister/sisteryour_kid[2]/sisteryour_kid_questions[4]
0,first,الأول,الأولى,first,الأول,female,الأولى,alive,7,,,,,,,uuid:56b96d89-497d-4686-bf0e-bf2c4cc74dcb/survey/siblingsyour/sister/sisteryour_kid[3],uuid:56b96d89-497d-4686-bf0e-bf2c4cc74dcb/survey/siblingsyour/sister/sisteryour_kid[3]/sisteryour_kid_questions[1]
1,second,الثاني,الثانية,second,الثاني,female,الثانية,alive,4,,,,,,,uuid:56b96d89-497d-4686-bf0e-bf2c4cc74dcb/survey/siblingsyour/sister/sisteryour_kid[3],uuid:56b96d89-497d-4686-bf0e-bf2c4cc74dcb/survey/siblingsyour/sister/sisteryour_kid[3]/sisteryour_kid_questions[2]
2,third,الثالث,الثالثة,third,الثالث,male,الثالث,alive,0,,,,,,,uuid:56b96d89-497d-4686-bf0e-bf2c4cc74dcb/survey/siblingsyour/sister/sisteryour_kid[3],uuid:56b96d89-497d-4686-bf0e-bf2c4cc74dcb/survey/siblingsyour/sister/sisteryour_kid[3]/sisteryour_kid_questions[3]
0,first,الأول,الأولى,,,female,,alive,0,,,,,,,uuid:485d3f6d-c326-478e-a987-d85bdbc15227/survey/siblingsyour/sister/sisteryour_kid[1],uuid:485d3f6d-c326-478e-a987-d85bdbc15227/survey/siblingsyour/sister/sisteryour_kid[1]/sisteryour_kid_questions[1]
0,first,الأول,الأولى,first,الأول,male,الأول,alive,6,,,,,,,uuid:cbc77873-3922-497b-930a-e9d16fe31822/survey/siblingsyour/sister/sisteryour_kid[1],uuid:cbc77873-3922-497b-930a-e9d16fe31822/survey/siblingsyour/sister/sisteryour_kid[1]/sisteryour_kid_questions[1]
1,second,الثاني,الثانية,second,الثاني,female,الثانية,alive,4,,,,,,,uuid:cbc77873-3922-497b-930a-e9d16fe31822/survey/siblingsyour/sister/sisteryour_kid[1],uuid:cbc77873-3922-497b-930a-e9d16fe31822/survey/siblingsyour/sister/sisteryour_kid[1]/sisteryour_kid_questions[2]
0,first,الأول,الأولى,,,male,,alive,9,,,,,,,uuid:1dc2f4ed-ebb1-4819-b721-f04614e73037/survey/siblingsyour/sister/sisteryour_kid[1],uuid:1dc2f4ed-ebb1-4819-b721-f04614e73037/survey/siblingsyour/sister/sisteryour_kid[1]/sisteryour_kid_questions[1]
0,first,الأول,الأولى,first,الأول,male,الأول,alive,22,,,,,,,uuid:e4d3ed23-1803-4ad9-9d5c-f0edc837735c/survey/siblingsyour/sister/sisteryour_kid[1],uuid:e4d3ed23-1803-4ad9-9d5c-f0edc837735c/survey/siblingsyour/sister/sisteryour_kid[1]/sisteryour_kid_questions[1]
1,second,الثاني,الثانية,second,الثاني,male,الثاني,alive,20,,,,,,,uuid:e4d3ed23-1803-4ad9-9d5c-f0edc837735c/survey/siblingsyour/sister/sisteryour_kid[1],uuid:e4d3ed23-1803-4ad9-9d5c-f0edc837735c/survey/siblingsyour/sister/sisteryour_kid[1]/sisteryour_kid_questions[2]
2,third,الثالث,الثالثة,third,الثالث,male,الثالث,alive,14,,,,,,,uuid:e4d3ed23-1803-4ad9-9d5c-f0edc837735c/survey/siblingsyour/sister/sisteryour_kid[1],uuid:e4d3ed23-1803-4ad9-9d5c-f0edc837735c/survey/siblingsyour/sister/sisteryour_kid[1]/sisteryour_kid_questions[3]
3,fourth,الرابع,الرابعة,fourth,الرابع,male,الرابع,alive,7,,,,,,,uuid:e4d3ed23-1803-4ad9-9d5c-f0edc837735c/survey/siblingsyour/sister/sisteryour_kid[1],uuid:e4d3ed23-1803-4ad9-9d5c-f0edc837735c/survey/siblingsyour/sister/sisteryour_kid[1]/sisteryour_kid_questions[4]
0,first,الأول,الأولى,first,الأول,female,الأولى,alive,22,,,,,,,uuid:e4d3ed23-1803-4ad9-9d5c-f0edc837735c/survey/siblingsyour/sister/sisteryour_kid[3],uuid:e4d3ed23-1803-4ad9-9d5c-f0edc837735c/survey/siblingsyour/sister/sisteryour_kid[3]/sisteryour_kid_questions[1]
1,second,الثاني,الثانية,second,الثاني,male,الثاني,alive,21,,,,,,,uuid:e4d3ed23-1803-4ad9-9d5c-f0edc837735c/survey/siblingsyour/sister/sisteryour_kid[3],uuid:e4d3ed23-1803-4ad9-9d5c-f0edc837735c/survey/siblingsyour/sister/sisteryour_kid[3]/sisteryour_kid_questions[2]
2,third,الثالث,الثالثة,third,الثالث,male,الثالث,alive,16,,,,,,,uuid:e4d3ed23-1803-4ad9-9d5c-f0edc837735c/survey/siblingsyour/sister/sisteryour_kid[3],uuid:e4d3ed23-1803-4ad9-9d5c-f0edc837735c/survey/siblingsyour/sister/sisteryour_kid[3]/sisteryour_kid_questions[3]
0,first,الأول,الأولى,first,الأول,female,الأولى,alive,15,,,,,,,uuid:e4d3ed23-1803-4ad9-9d5c-f0edc837735c/survey/siblingsyour/sister/sisteryour_kid[4],uuid:e4d3ed23-1803-4ad9-9d5c-f0edc837735c/survey/siblingsyour/sister/sisteryour_kid[4]/sisteryour_kid_questions[1]
1,second,الثاني,الثانية,second,الثاني,male,الثاني,alive,12,,,,,,,uuid:e4d3ed23-1803-4ad9-9d5c-f0edc837735c/survey/siblingsyour/sister/sisteryour_kid[4],uuid:e4d3ed23-1803-4ad9-9d5c-f0edc837735c/survey/siblingsyour/sister/sisteryour_kid[4]/sisteryour_kid_questions[2]
0,first,الأول,الأولى,first,الأول,female,الأولى,alive,19,,,,,,,uuid:e4d3ed23-1803-4ad9-9d5c-f0edc837735c/survey/siblingsyour/sister/sisteryour_kid[5],uuid:e4d3ed23-1803-4ad9-9d5c-f0edc837735c/survey/siblingsyour/sister/sisteryour_kid[5]/sisteryour_kid_questions[1]
1,second,الثاني,الثانية,second,الثاني,female,الثانية,alive,16,,,,,,,uuid:e4d3ed23-1803-4ad9-9d5c-f0edc837735c/survey/siblingsyour/sister/sisteryour_kid[5],uuid:e4d3ed23-1803-4ad9-9d5c-f0edc837735c/survey/siblingsyour/sister/sisteryour_kid[5]/sisteryour_kid_questions[2]
2,third,الثالث,الثالثة,third,الثالث,female,الثالثة,alive,14,,,,,,,uuid:e4d3ed23-1803-4ad9-9d5c-f0edc837735c/survey/siblingsyour/sister/sisteryour_kid[5],uuid:e4d3ed23-1803-4ad9-9d5c-f0edc837735c/survey/siblingsyour/sister/sisteryour_kid[5]/sisteryour_kid_questions[3]
3,fourth,الرابع,الرابعة,fourth,الرابع,male,الرابع,alive,10,,,,,,,uuid:e4d3ed23-1803-4ad9-9d5c-f0edc837735c/survey/siblingsyour/sister/sisteryour_kid[5],uuid:e4d3ed23-1803-4ad9-9d5c-f0edc837735c/survey/siblingsyour/sister/sisteryour_kid[5]/sisteryour_kid_questions[4]
0,first,الأول,الأولى,first,الأول,female,الأولى,alive,22,,,,,,,uuid:7132c1fd-33d8-4303-97eb-c86b3ac20408/survey/siblingsyour/sister/sisteryour_kid[1],uuid:7132c1fd-33d8-4303-97eb-c86b3ac20408/survey/siblingsyour/sister/sisteryour_kid[1]/sisteryour_kid_questions[1]
1,second,الثاني,الثانية,second,الثاني,female,الثانية,alive,19,,,,,,,uuid:7132c1fd-33d8-4303-97eb-c86b3ac20408/survey/siblingsyour/sister/sisteryour_kid[1],uuid:7132c1fd-33d8-4303-97eb-c86b3ac20408/survey/siblingsyour/sister/sisteryour_kid[1]/sisteryour_kid_questions[2]
2,third,الثالث,الثالثة,third,الثالث,female,الثالثة,deceased,,yes,2017,,7,ibb,other,uuid:7132c1fd-33d8-4303-97eb-c86b3ac20408/survey/siblingsyour/sister/sisteryour_kid[1],uuid:7132c1fd-33d8-4303-97eb-c86b3ac20408/survey/siblingsyour/sister/sisteryour_kid[1]/sisteryour_kid_questions[3]
0,first,الأول,الأولى,,,male,,alive,5,,,,,,,uuid:7132c1fd-33d8-4303-97eb-c86b3ac20408/survey/siblingsyour/sister/sisteryour_kid[2],uuid:7132c1fd-33d8-4303-97eb-c86b3ac20408/survey/siblingsyour/sister/sisteryour_kid[2]/sisteryour_kid_questions[1]
0,first,الأول,الأولى,first,الأول,male,الأول,alive,18,,,,,,,uuid:1c7922ec-847a-433a-b8f2-8a2c071e44c4/survey/siblingsyour/sister/sisteryour_kid[1],uuid:1c7922ec-847a-433a-b8f2-8a2c071e44c4/survey/siblingsyour/sister/sisteryour_kid[1]/sisteryour_kid_questions[1]
1,second,الثاني,الثانية,second,الثاني,male,الثاني,alive,16,,,,,,,uuid:1c7922ec-847a-433a-b8f2-8a2c071e44c4/survey/siblingsyour/sister/sisteryour_kid[1],uuid:1c7922ec-847a-433a-b8f2-8a2c071e44c4/survey/siblingsyour/sister/sisteryour_kid[1]/sisteryour_kid_questions[2]
2,third,الثالث,الثالثة,third,الثالث,female,الثالثة,alive,9,,,,,,,uuid:1c7922ec-847a-433a-b8f2-8a2c071e44c4/survey/siblingsyour/sister/sisteryour_kid[1],uuid:1c7922ec-847a-433a-b8f2-8a2c071e44c4/survey/siblingsyour/sister/sisteryour_kid[1]/sisteryour_kid_questions[3]
0,first,الأول,الأولى,first,الأول,female,الأولى,alive,19,,,,,,,uuid:1c7922ec-847a-433a-b8f2-8a2c071e44c4/survey/siblingsyour/sister/sisteryour_kid[2],uuid:1c7922ec-847a-433a-b8f2-8a2c071e44c4/survey/siblingsyour/sister/sisteryour_kid[2]/sisteryour_kid_questions[1]
1,second,الثاني,الثانية,second,الثاني,female,الثانية,alive,16,,,,,,,uuid:1c7922ec-847a-433a-b8f2-8a2c071e44c4/survey/siblingsyour/sister/sisteryour_kid[2],uuid:1c7922ec-847a-433a-b8f2-8a2c071e44c4/survey/siblingsyour/sister/sisteryour_kid[2]/sisteryour_kid_questions[2]
2,third,الثالث,الثالثة,third,الثالث,male,الثالث,alive,10,,,,,,,uuid:1c7922ec-847a-433a-b8f2-8a2c071e44c4/survey/siblingsyour/sister/sisteryour_kid[2],uuid:1c7922ec-847a-433a-b8f2-8a2c071e44c4/survey/siblingsyour/sister/sisteryour_kid[2]/sisteryour_kid_questions[3]
3,fourth,الرابع,الرابعة,fourth,الرابع,male,الرابع,alive,7,,,,,,,uuid:1c7922ec-847a-433a-b8f2-8a2c071e44c4/survey/siblingsyour/sister/sisteryour_kid[2],uuid:1c7922ec-847a-433a-b8f2-8a2c071e44c4/survey/siblingsyour/sister/sisteryour_kid[2]/sisteryour_kid_questions[4]
0,first,الأول,الأولى,first,الأول,male,الأول,alive,5,,,,,,,uuid:e1f8f331-3a63-4fe6-a1df-22577e6c6674/survey/siblingsyour/sister/sisteryour_kid[1],uuid:e1f8f331-3a63-4fe6-a1df-22577e6c6674/survey/siblingsyour/sister/sisteryour_kid[1]/sisteryour_kid_questions[1]
1,second,الثاني,الثانية,second,الثاني,female,الثانية,alive,3,,,,,,,uuid:e1f8f331-3a63-4fe6-a1df-22577e6c6674/survey/siblingsyour/sister/sisteryour_kid[1],uuid:e1f8f331-3a63-4fe6-a1df-22577e6c6674/survey/siblingsyour/sister/sisteryour_kid[1]/sisteryour_kid_questions[2]
0,first,الأول,الأولى,,,female,,alive,1,,,,,,,uuid:481eab0b-e62b-492b-a18d-007cc083fe20/survey/siblingsyour/sister/sisteryour_kid[2],uuid:481eab0b-e62b-492b-a18d-007cc083fe20/survey/siblingsyour/sister/sisteryour_kid[2]/sisteryour_kid_questions[1]
0,first,الأول,الأولى,first,الأول,male,الأول,alive,20,,,,,,,uuid:533ce06e-44bc-450f-800a-8736c64b352a/survey/siblingsyour/sister/sisteryour_kid[1],uuid:533ce06e-44bc-450f-800a-8736c64b352a/survey/siblingsyour/sister/sisteryour_kid[1]/sisteryour_kid_questions[1]
1,second,الثاني,الثانية,second,الثاني,female,الثانية,alive,19,,,,,,,uuid:533ce06e-44bc-450f-800a-8736c64b352a/survey/siblingsyour/sister/sisteryour_kid[1],uuid:533ce06e-44bc-450f-800a-8736c64b352a/survey/siblingsyour/sister/sisteryour_kid[1]/sisteryour_kid_questions[2]
2,third,الثالث,الثالثة,third,الثالث,female,الثالثة,alive,15,,,,,,,uuid:533ce06e-44bc-450f-800a-8736c64b352a/survey/siblingsyour/sister/sisteryour_kid[1],uuid:533ce06e-44bc-450f-800a-8736c64b352a/survey/siblingsyour/sister/sisteryour_kid[1]/sisteryour_kid_questions[3]
3,fourth,الرابع,الرابعة,fourth,الرابع,female,الرابعة,alive,13,,,,,,,uuid:533ce06e-44bc-450f-800a-8736c64b352a/survey/siblingsyour/sister/sisteryour_kid[1],uuid:533ce06e-44bc-450f-800a-8736c64b352a/survey/siblingsyour/sister/sisteryour_kid[1]/sisteryour_kid_questions[4]
0,first,الأول,الأولى,first,الأول,female,الأولى,alive,22,,,,,,,uuid:7ad06704-8558-408f-b6cf-a5c019d69bee/survey/siblingsyour/sister/sisteryour_kid[1],uuid:7ad06704-8558-408f-b6cf-a5c019d69bee/survey/siblingsyour/sister/sisteryour_kid[1]/sisteryour_kid_questions[1]
1,second,الثاني,الثانية,second,الثاني,female,الثانية,alive,20,,,,,,,uuid:7ad06704-8558-408f-b6cf-a5c019d69bee/survey/siblingsyour/sister/sisteryour_kid[1],uuid:7ad06704-8558-408f-b6cf-a5c019d69bee/survey/siblingsyour/sister/sisteryour_kid[1]/sisteryour_kid_questions[2]
0,first,الأول,الأولى,first,الأول,male,الأول,alive,18,,,,,,,uuid:f719c86e-3590-4721-b100-5f146d29e29b/survey/siblingsyour/sister/sisteryour_kid[1],uuid:f719c86e-3590-4721-b100-5f146d29e29b/survey/siblingsyour/sister/sisteryour_kid[1]/sisteryour_kid_questions[1]
1,second,الثاني,الثانية,second,الثاني,male,الثاني,alive,16,,,,,,,uuid:f719c86e-3590-4721-b100-5f146d29e29b/survey/siblingsyour/sister/sisteryour_kid[1],uuid:f719c86e-3590-4721-b100-5f146d29e29b/survey/siblingsyour/sister/sisteryour_kid[1]/sisteryour_kid_questions[2]
2,third,الثالث,الثالثة,third,الثالث,male,الثالث,alive,9,,,,,,,uuid:f719c86e-3590-4721-b100-5f146d29e29b/survey/siblingsyour/sister/sisteryour_kid[1],uuid:f719c86e-3590-4721-b100-5f146d29e29b/survey/siblingsyour/sister/sisteryour_kid[1]/sisteryour_kid_questions[3]
0,first,الأول,الأولى,first,الأول,female,الأولى,alive,11,,,,,,,uuid:f719c86e-3590-4721-b100-5f146d29e29b/survey/siblingsyour/sister/sisteryour_kid[2],uuid:f719c86e-3590-4721-b100-5f146d29e29b/survey/siblingsyour/sister/sisteryour_kid[2]/sisteryour_kid_questions[1]
1,second,الثاني,الثانية,second,الثاني,female,الثانية,alive,9,,,,,,,uuid:f719c86e-3590-4721-b100-5f146d29e29b/survey/siblingsyour/sister/sisteryour_kid[2],uuid:f719c86e-3590-4721-b100-5f146d29e29b/survey/siblingsyour/sister/sisteryour_kid[2]/sisteryour_kid_questions[2]
2,third,الثالث,الثالثة,third,الثالث,female,الثالثة,alive,7,,,,,,,uuid:f719c86e-3590-4721-b100-5f146d29e29b/survey/siblingsyour/sister/sisteryour_kid[2],uuid:f719c86e-3590-4721-b100-5f146d29e29b/survey/siblingsyour/sister/sisteryour_kid[2]/sisteryour_kid_questions[3]
0,first,الأول,الأولى,first,الأول,female,الأولى,alive,13,,,,,,,uuid:3d3c7d1e-b617-40fa-ba40-d8fd1dc3d081/survey/siblingsyour/sister/sisteryour_kid[1],uuid:3d3c7d1e-b617-40fa-ba40-d8fd1dc3d081/survey/siblingsyour/sister/sisteryour_kid[1]/sisteryour_kid_questions[1]
1,second,الثاني,الثانية,second,الثاني,male,الثاني,alive,11,,,,,,,uuid:3d3c7d1e-b617-40fa-ba40-d8fd1dc3d081/survey/siblingsyour/sister/sisteryour_kid[1],uuid:3d3c7d1e-b617-40fa-ba40-d8fd1dc3d081/survey/siblingsyour/sister/sisteryour_kid[1]/sisteryour_kid_questions[2]
2,third,الثالث,الثالثة,third,الثالث,female,الثالثة,alive,9,,,,,,,uuid:3d3c7d1e-b617-40fa-ba40-d8fd1dc3d081/survey/siblingsyour/sister/sisteryour_kid[1],uuid:3d3c7d1e-b617-40fa-ba40-d8fd1dc3d081/survey/siblingsyour/sister/sisteryour_kid[1]/sisteryour_kid_questions[3]
3,fourth,الرابع,الرابعة,fourth,الرابع,female,الرابعة,alive,6,,,,,,,uuid:3d3c7d1e-b617-40fa-ba40-d8fd1dc3d081/survey/siblingsyour/sister/sisteryour_kid[1],uuid:3d3c7d1e-b617-40fa-ba40-d8fd1dc3d081/survey/siblingsyour/sister/sisteryour_kid[1]/sisteryour_kid_questions[4]
0,first,الأول,الأولى,first,الأول,male,الأول,alive,21,,,,,,,uuid:3d3c7d1e-b617-40fa-ba40-d8fd1dc3d081/survey/siblingsyour/sister/sisteryour_kid[2],uuid:3d3c7d1e-b617-40fa-ba40-d8fd1dc3d081/survey/siblingsyour/sister/sisteryour_kid[2]/sisteryour_kid_questions[1]
1,second,الثاني,الثانية,second,الثاني,male,الثاني,alive,17,,,,,,,uuid:3d3c7d1e-b617-40fa-ba40-d8fd1dc3d081/survey/siblingsyour/sister/sisteryour_kid[2],uuid:3d3c7d1e-b617-40fa-ba40-d8fd1dc3d081/survey/siblingsyour/sister/sisteryour_kid[2]/sisteryour_kid_questions[2]
2,third,الثالث,الثالثة,third,الثالث,female,الثالثة,alive,10,,,,,,,uuid:3d3c7d1e-b617-40fa-ba40-d8fd1dc3d081/survey/siblingsyour/sister/sisteryour_kid[2],uuid:3d3c7d1e-b617-40fa-ba40-d8fd1dc3d081/survey/siblingsyour/sister/sisteryour_kid[2]/sisteryour_kid_questions[3]
3,fourth,الرابع,الرابعة,fourth,الرابع,male,الرابع,alive,6,,,,,,,uuid:3d3c7d1e-b617-40fa-ba40-d8fd1dc3d081/survey/siblingsyour/sister/sisteryour_kid[2],uuid:3d3c7d1e-b617-40fa-ba40-d8fd1dc3d081/survey/siblingsyour/sister/sisteryour_kid[2]/sisteryour_kid_questions[4]
0,first,الأول,الأولى,,,female,,alive,14,,,,,,,uuid:3d3c7d1e-b617-40fa-ba40-d8fd1dc3d081/survey/siblingsyour/sister/sisteryour_kid[3],uuid:3d3c7d1e-b617-40fa-ba40-d8fd1dc3d081/survey/siblingsyour/sister/sisteryour_kid[3]/sisteryour_kid_questions[1]
0,first,الأول,الأولى,first,الأول,female,الأولى,alive,9,,,,,,,uuid:faab0fa5-71fb-49ad-977a-b693eb78c6bc/survey/siblingsyour/sister/sisteryour_kid[1],uuid:faab0fa5-71fb-49ad-977a-b693eb78c6bc/survey/siblingsyour/sister/sisteryour_kid[1]/sisteryour_kid_questions[1]
1,second,الثاني,الثانية,second,الثاني,male,الثاني,alive,5,,,,,,,uuid:faab0fa5-71fb-49ad-977a-b693eb78c6bc/survey/siblingsyour/sister/sisteryour_kid[1],uuid:faab0fa5-71fb-49ad-977a-b693eb78c6bc/survey/siblingsyour/sister/sisteryour_kid[1]/sisteryour_kid_questions[2]
0,first,الأول,الأولى,first,الأول,male,الأول,alive,22,,,,,,,uuid:5f355532-147a-40fc-af36-12130ed1577a/survey/siblingsyour/sister/sisteryour_kid[1],uuid:5f355532-147a-40fc-af36-12130ed1577a/survey/siblingsyour/sister/sisteryour_kid[1]/sisteryour_kid_questions[1]
1,second,الثاني,الثانية,second,الثاني,male,الثاني,alive,20,,,,,,,uuid:5f355532-147a-40fc-af36-12130ed1577a/survey/siblingsyour/sister/sisteryour_kid[1],uuid:5f355532-147a-40fc-af36-12130ed1577a/survey/siblingsyour/sister/sisteryour_kid[1]/sisteryour_kid_questions[2]
0,first,الأول,الأولى,first,الأول,female,الأولى,alive,7,,,,,,,uuid:ba5e4f40-40b5-4230-a2b3-e8c460cf2ee4/survey/siblingsyour/sister/sisteryour_kid[2],uuid:ba5e4f40-40b5-4230-a2b3-e8c460cf2ee4/survey/siblingsyour/sister/sisteryour_kid[2]/sisteryour_kid_questions[1]
1,second,الثاني,الثانية,second,الثاني,male,الثاني,alive,3,,,,,,,uuid:ba5e4f40-40b5-4230-a2b3-e8c460cf2ee4/survey/siblingsyour/sister/sisteryour_kid[2],uuid:ba5e4f40-40b5-4230-a2b3-e8c460cf2ee4/survey/siblingsyour/sister/sisteryour_kid[2]/sisteryour_kid_questions[2]
